"X1"	"X2"	"X3"	"Y"
2.363518649475719	0.543474517625186	1	3
0.7018184826679403	-0.6175840931585555	1	3
1.921715750051859	0.8182841840468389	0	1
1.677429646382642	0.7613252459551709	1	3
0.799630750859742	-1.353751215069278	0	2
2.246168793059595	0.1598810313100889	0	3
3.664771525036961	-1.335550080608676	-1	3
0.8084995413380838	-1.164667404153482	1	3
2.227162691859883	0.7406966721365861	0	2
2.963021814864345	-0.6345118961576197	-1	3
2.452505874010462	1.164579269053388	-1	3
0.03170897295114172	1.422834779636365	-1	2
0.8665923273289384	-1.49337811285658	1	2
2.377555218644794	-0.7329293917713033	0	3
1.192801277286399	-2.445266481897394	1	3
1.528489348673527	-0.415809007213976	0	3
2.014902065293014	1.303538837457826	0	3
2.752102192025049	-1.140313935117485	-1	3
2.717314723017855	-0.3652138264701937	0	4
2.718995307353046	-1.782984326625681	0	3
3.221666803569685	1.561312685426227	-1	3
2.434822420623843	1.321549768809998	0	1
2.780532272941942	-0.3077269132606849	0	3
1.065857582160872	0.03510129839706568	1	1
0.9459195301539591	-0.2619809298748089	0	3
2.307113732278015	-1.376836251689304	0	3
2.565411806044154	1.075282534003173	-1	3
3.092531755556339	0.8370066555190628	1	3
1.719230676854961	-0.02769945651131368	0	2
1.367357050745735	0.2209719896398071	1	3
-0.2596930784074276	0.0252269964040243	0	2
2.383935228319586	0.9160020382728522	0	5
3.417956639875901	0.1813548514539177	-1	3
3.31708479164856	0.1754066626755324	-1	3
1.15150460192137	0.8852858427845799	1	2
4.274573422245592	-1.347061169564743	0	3
2.211173631706028	0.1680446707204567	0	3
1.435221678899299	-1.423928667692966	0	3
2.831744465688983	-0.9235819798691588	0	4
1.857982098609236	-1.047396225047304	0	3
2.730229652170576	1.204422992588382	0	3
0.7102279717665996	0.9094797463254146	0	3
-0.3961717426396549	-1.414279424706278	0	3
2.425247000145617	-1.936898173439709	-1	1
1.888775280755407	0.7432425867031929	-1	3
1.539008458334563	-1.383308442982562	0	2
0.4654124038548775	0.6948250237632534	0	2
1.992027118272477	-0.3114927545337146	0	1
1.19535033450848	-1.717404214719753	0	2
3.109454176058083	0.5917743860481223	0	3
1.589744688012727	-2.151865140510391	1	4
2.410227640262639	0.2880368338420153	0	4
1.424465432375765	0.3379767352371881	0	5
2.99161491298487	-0.7207684427735663	1	5
0.6768095567262515	-0.5123976295777494	0	2
0.9753098044365309	-1.78269474207028	0	3
2.621279383193508	1.293995996511942	0	4
1.155560980846127	-0.6194142146537506	-1	3
1.902921051408768	1.494823990947547	-1	3
2.51412452832475	-1.072096675385529	-1	3
1.508165243281376	1.323954940509551	1	5
2.271553930033067	-0.08189126322583086	-1	3
1.50553595403099	0.8347219670243561	-1	3
2.970782634117628	-1.397364010787265	1	3
2.459095951003893	0.6700815550246729	1	5
3.655659676086099	-3.275748529821513	1	3
1.516383382270787	0.9325745926878479	-1	3
1.236000775690347	1.359069360963816	0	3
2.821719538445677	-0.09087402676563926	1	3
2.029064750359492	0.6429061142308213	1	5
2.536444201390266	-0.2770981756144085	-1	3
2.938157199159496	0.5124157464762136	-1	3
1.611867567361084	2.000474936370707	0	3
1.971530502970424	-0.9359464794060481	-1	3
2.58143002168993	0.4590503452998925	1	4
2.125496393132007	-1.834608510931873	-1	3
2.272061591695219	-0.7851274425913878	0	2
1.61166628113183	0.1493198069014696	-1	3
2.800661018603497	-1.190520988228096	-1	3
3.2837395678608	0.06021471142114698	1	3
2.306600227876761	-0.7564499484987849	0	3
2.657375675163431	0.8720616461937447	-1	3
2.815880682914906	-1.40204425404519	0	3
2.63188041799633	-0.8579447980069633	1	3
1.938609035528699	1.230947594860351	1	3
0.1425617324271635	-0.5309108733406417	1	3
1.534990074116768	0.1722390610673667	0	3
0.6839961460717656	1.08811538252951	-1	3
3.509364250651346	-0.1040964098461342	0	3
1.138286283037403	1.184285771595312	1	3
2.733113089522583	-1.105764463781113	1	3
0.3630154831994716	1.101965981307289	-1	3
1.227417704945395	-1.709723342891476	-1	3
2.036883709448819	-1.908715548254949	-1	3
2.186081594442058	0.442225625780254	0	4
1.73660514946369	-0.8638205638464552	0	3
2.615403623912189	-0.03527988652269973	-1	3
1.980216524201669	-0.4873198604085164	0	3
3.098597460470238	1.425772871246789	1	5
2.575537727070009	0.3724977785419181	1	5
2.752790433301124	0.009527616541218694	1	4
1.138015181271175	1.130629666110192	1	4
2.686360661878038	-0.5919827877823299	-1	3
0.9675895156870584	-0.2913054178491678	-1	3
1.454330670427044	1.497946008703133	0	5
2.569694664399989	-1.108934746573168	-1	3
2.345957424925681	-1.472595348992972	0	3
1.24651126142957	-0.6809926775623663	1	3
1.940944386415249	-2.334115859978326	1	3
1.983991898925813	-0.1514915963808515	0	3
3.984988157961082	0.8846744157878912	1	3
2.391825592356543	0.7389323743093459	1	4
0.7911811062179317	0.838773737883928	0	2
1.626409863083306	-0.3392695468680187	-1	2
2.772735197160503	-0.6124067460706233	0	3
1.813173729153914	0.7247946814006372	0	3
1.295549183248316	-0.2909626496235397	-1	3
1.588060924674627	-0.1797668989064423	-1	3
1.832556447587372	-0.6965596798577491	1	3
1.205463617153803	-0.7639798714026137	-1	3
1.289842999518094	0.9755177526900382	0	4
3.195261510761686	-0.4482935097078094	-1	3
1.7736778269259	0.7055222640229791	0	4
3.426385966754169	1.382951855517477	0	4
3.267440896771705	0.4258214676332339	1	3
2.331862553777497	0.8686684005720194	0	3
-1.202097797350878	1.644386686992418	0	3
2.566744417224674	-0.793603337585841	1	5
0.8632602068575181	-1.204241181184762	1	3
1.285965415493904	1.767632680611662	0	3
0.9589697829867703	0.4817934305994614	1	3
2.320087269683929	-1.854034690688562	0	5
2.01447916093989	-0.3855296424819492	0	3
2.704546903932846	-0.8172749922202539	0	3
1.446710496857862	1.330384569007038	0	4
1.733260446656142	-0.6855560432920708	0	1
0.2266672436608748	-0.2915519571805465	-1	3
2.950003440068124	1.354523347985248	0	4
2.888198306969015	0.3464718603778431	-1	1
1.071407991014597	1.05808193754128	0	1
2.447459088587637	-0.2379782676934855	0	3
1.966498156709516	0.6758454336947446	0	3
0.01974885127536408	-0.6152618886063321	1	3
1.434123696245687	0.5543452007387004	1	3
2.101002312183517	2.110256782881723	0	4
2.477091008250958	0.4178045152458049	0	1
2.793987934046628	0.1378466422094676	0	3
2.408263678569678	0.9607383499841364	1	3
1.805887567602012	-0.5218776908737385	0	3
-0.1436403408335236	0.3054849109708321	0	2
2.851381317357366	-0.6858537883765854	0	3
3.587159239750558	0.2408021632944561	0	5
2.114561962680386	-0.2070335643446156	1	3
3.61074538251698	-1.84090939967462	1	3
2.245088634005062	-0.04804432360133977	-1	3
1.081694933589427	1.224142159863506	0	3
0.475496941609229	-0.257489000376075	-1	3
2.953078783014715	-0.4751880484926114	0	4
2.354036279392209	1.822498775087688	-1	4
2.827828168654468	-0.1532627421674638	0	3
0.1606339606693463	0.4509812733386196	-1	1
0.6793141803156715	-1.452727468961123	0	1
1.885839314118651	0.6017325319168748	-1	3
2.419321247057368	0.723613400663399	1	3
1.233012287004249	-0.1540390707084125	0	3
2.164045030881538	-1.110628729979763	1	3
0.6882363728584691	-0.491867449868424	0	3
0.9626808780709335	-0.9816318870996696	0	3
3.147910345874276	1.08636445642873	0	4
0.6839715371023665	-1.032753836770994	1	3
2.664245767592626	-0.09853818406268056	1	4
1.649219114540384	-0.416632722058427	1	4
3.942230792301759	1.10370112692587	-1	3
1.050543542829321	2.714944751515668	0	3
1.46326602542454	-0.3127012549813442	1	3
-0.03661468432037252	0.944611708620698	0	2
0.9085975695739037	0.7368411988170043	1	3
1.02437569854746	0.3574369346887079	0	3
1.529103094372696	-1.522055918799901	0	2
2.828231870883594	-0.6333754535854697	0	3
3.198315295874817	-2.227755696977388	-1	3
3.093748767198004	-0.411345474937805	0	3
1.711916078536343	1.831327394342241	0	3
2.041433536988384	-0.08786294661621859	1	4
2.908371711215633	-0.2213215169220752	-1	1
0.9866698150291648	-0.04699484365202818	0	3
2.545621862102017	0.4670279158538656	1	3
3.809741744235569	-0.5645266280200583	1	5
1.625841591342522	-1.85288811661577	0	2
1.745274589983957	0.7560600855859774	1	3
2.206806849432724	0.8121509901210511	1	5
0.455052083381897	-0.8658865395788004	-1	3
0.7052839167663016	0.3955291184769711	1	3
1.062393471811645	-0.5227011635355868	0	2
1.710387121104382	-0.4814097829271483	0	2
1.148423161204145	-1.32978594857661	0	3
2.486317640610284	-0.9442743748078202	0	3
1.930933712326372	-0.2590023114104145	-1	3
2.306725401931253	1.830149655396904	1	5
1.507377646523604	1.546755997464027	0	3
1.73632257110363	2.06461248767014	1	4
3.408968718738832	-2.34848431224889	-1	2
2.842229930781399	-0.3228146076821725	0	3
2.447721757443045	0.5831994808408941	1	3
1.744018506302626	1.104994185528982	0	4
2.900680927443116	0.09274982735924522	1	4
1.437656015702885	-1.018546256332851	1	3
2.577838094796551	0.191432285829975	-1	4
1.534420575035021	0.0595975719304112	1	3
1.814174272936015	-0.6490944512840924	0	2
2.331912328881931	-0.4225374878204208	1	2
4.565938954907901	0.1078184032107028	0	3
0.9195024530152658	0.1625465944388042	0	3
1.808777303938576	-0.3711828892223427	-1	2
1.929071933073426	0.7329181133373045	-1	3
1.467287823277397	-0.1801527248176306	0	3
2.749288910300459	1.963690420087491	0	3
0.5853142619362135	-0.6405993537782496	-1	1
2.236415789341837	-0.5991525282689876	-1	4
2.830485452869361	0.08336065855500217	1	3
2.552470195653697	-0.9457732788929228	1	3
1.685907237522599	-0.06489585534726124	1	2
-1.327157990115638	-0.04720240606976798	-1	1
1.676353120519573	-1.315069014832057	1	3
2.25624851642868	-1.573193172862374	0	4
3.21362650902283	1.174388586857505	0	4
2.183585322141169	-0.2517916120557955	1	3
1.327852538471194	0.5472995132709915	0	4
4.373565430310389	-1.089303247632	-1	4
3.610030829567828	-1.035443776971143	-1	3
2.890684594051057	-0.7733204558667408	1	3
3.794337912758568	0.2381831819056362	0	4
1.530082861546586	0.1889694208601103	-1	1
2.321548593879133	-0.9584368629440991	0	1
3.299579431952639	1.25946874051606	1	5
1.733671436852196	-1.364169066075358	0	2
2.842239606206455	-0.8309907354787239	0	3
2.098558120254877	-1.567179024753924	0	2
1.820573830856444	0.542819510270892	0	4
3.370937771065775	0.5537844064421159	-1	4
1.221986859812391	1.860425029594399	-1	3
2.087984329578158	-0.4088981828495256	-1	3
3.518881961892739	1.031838690909628	0	3
3.354490838794293	0.6273210275079101	1	4
1.418944475406273	-0.2439719233470049	-1	3
2.314855055567567	0.1837984570932063	0	3
1.422045699140848	-1.250783410649951	1	3
1.115540158168678	0.07426018773287332	0	3
3.183463927975144	-0.7890603839709228	0	5
1.821971494611858	1.695887809876221	0	2
2.029812888550155	0.04567816000421725	0	4
1.769917288950537	1.036568282320119	-1	3
3.03386315765795	0.9748819964386113	0	3
2.884100754044517	-1.007901316085385	0	3
3.937145297338391	0.3307237420528076	0	3
1.242013988398366	0.263825495152972	0	3
3.376285351546883	-0.1541610486273163	0	3
3.141267737321647	0.3541468293087577	-1	4
1.991783363091333	-0.2187515305765798	0	3
2.969729066063441	-1.306362582967852	0	3
1.981361789818573	0.9949407124027915	0	4
3.684382639498154	1.558238431766513	-1	3
1.321055151139873	0.4347747742763587	1	3
4.05671110121324	-0.811450755295029	-1	3
1.737295677675866	1.179781903256379	0	3
2.355270942906774	-0.2195731723779132	1	4
2.568494563444975	1.838736792395311	1	5
2.645491387747382	0.2007729835450844	-1	3
0.07262839542681499	-0.2341016262869872	0	3
2.852822870489394	-1.641993651115776	-1	3
0.9678880101855296	1.272890092035796	0	3
1.816032710158968	-0.1611077291013504	0	3
2.120763262761325	-1.544346333954467	0	4
1.982794916210563	-0.4326930720591999	0	3
1.833647767778528	-0.3904617083810338	-1	2
1.91750006474334	0.4365501512343832	0	4
2.60354592003344	2.392741677701571	0	5
3.019976630658151	-0.4749432979884439	1	4
2.082702634642907	-0.3568920008168529	-1	3
2.607706798026052	-0.3987725785630246	0	3
1.135509944652346	-1.18431440856384	-1	3
2.49289256733468	1.180938774398735	1	4
0.4493131993139128	0.2921717420914005	0	3
3.590264503385922	1.974096546348797	0	5
1.83961194558254	2.577238395089324	-1	4
1.667829347790875	-1.084038483189559	0	1
0.921343234638855	-0.5964361790928358	0	2
2.186531100974921	1.571164636469012	0	5
1.53459265424691	2.984101732273667	0	1
2.813918723047383	-0.1988034431995556	1	4
2.064404118118691	0.6070824290258222	0	4
1.37904974549266	1.756395499036088	0	4
2.060829480866508	-0.1493420213997161	-1	1
2.652655685783418	-0.8660181310949635	0	3
1.734966547320788	0.9819897647906628	0	2
2.186259096954768	1.485685875576014	0	5
1.727233887951269	1.064816040943036	0	5
3.822075440624253	-1.134692177438471	1	3
1.915690594154118	-0.6242501935913747	1	5
2.316636808718896	-1.328061809631593	1	4
2.447059476907705	0.2729705449948027	0	3
3.056925548827175	-0.8313959587745735	1	4
1.653375326873843	-0.1384106112301232	0	4
0.4307379236455455	0.6485365400576941	0	3
3.554355604408919	-0.58586820146348	1	5
2.123835103505001	0.3719133364059731	1	3
2.761985175282295	-0.8141189678589672	1	3
1.65224206642618	1.097740239829663	0	3
0.2844281031391047	1.242420352068244	-1	2
2.567798171149641	-0.1309812212753301	-1	3
1.915729418227789	0.7211633528793107	0	5
1.404576930569974	0.2190284479019513	-1	3
1.303706317403941	-0.7779940987438972	-1	3
1.816369421872484	0.5985848801771279	0	3
2.627807438178711	-0.2712100090757402	1	3
0.5760898571295099	0.8753464463550846	-1	3
2.441420572917609	-0.02546517498952839	0	4
1.43115887672948	0.2887529106895999	1	4
3.011509184642548	-0.4208586328314408	-1	2
0.3550543528580741	1.137803351759005	-1	3
2.103526055499865	2.533458071765099	0	5
2.549046418370718	-0.2541006817357906	1	3
3.826277204674236	0.2695971759668905	-1	3
2.563868123952223	-0.03810172186202043	0	3
2.96797641952142	-0.7769154882709272	0	3
1.518738860548853	0.2986874326273392	0	2
2.223933588203798	1.312650282263651	-1	3
1.324450199987301	1.122193206549282	1	2
2.068679600714526	-0.4602122645675026	1	3
1.932057049167856	0.6138416200987638	0	3
3.301099765326971	-0.352438244442933	1	4
2.753556682659373	-0.3153254649176858	-1	3
0.8310222214562522	0.7694257963092441	1	3
2.653861837587125	0.7061463648753321	1	3
0.8165963628673034	-0.3324110266660464	0	2
1.685666720122956	-0.4884702313047404	0	5
1.180559073689913	1.076555817595673	0	4
0.9468366122673033	0.1109911593963018	0	2
0.9039267710052412	0.08432251837444506	1	3
0.7574813091846009	-1.574003455434713	1	3
2.075914857691982	-1.556227466116177	-1	3
4.046402024025454	-1.147576643703298	0	3
1.733697858169763	0.4699717099578107	0	5
4.045350102243146	0.1233787251044194	1	3
2.388720538692065	-0.4381097009257601	1	3
1.604045165719737	-1.85816872059237	1	2
3.127216707526624	0.3641731618208427	1	3
1.875517825947052	0.08096567684481511	1	3
3.873123660116126	0.2653210308554158	0	3
3.491612178602193	-0.466915885000566	0	4
2.471632397869369	-1.630957979947076	0	2
1.507982371871174	-0.7949577311648313	1	1
1.203299451590194	-0.1833570143464077	1	3
2.358610740051172	0.9632300299004778	1	4
1.363329511837975	-0.3940751004261637	-1	3
3.441591587820985	-0.9138813452585545	1	5
0.733159163997914	-0.2363106899238197	-1	3
2.931511657730519	-1.069932614320536	1	3
3.432743370137716	-1.533448981170001	-1	2
3.563571784801784	1.237938468334007	-1	1
1.765114598581776	0.5813023527097192	1	4
1.355321537392195	-1.683247246676408	1	3
2.162058199172766	-0.6850443380026648	-1	3
2.414378375695192	-0.02825669706182349	-1	3
1.342032912822657	-2.107653901765096	0	3
2.113535113008601	1.458495053389943	0	4
2.446512695001802	-0.1381924785863311	0	4
3.568998199900065	-2.090577234786533	-1	3
1.465992157105947	-0.1080285259728149	0	3
1.946687155874518	-0.0363402225835065	-1	3
0.9274990233670384	-0.6875526513353171	0	3
3.001635147578284	0.6982479671419153	-1	3
1.934363122956716	-0.8980799052092064	1	5
1.648940019483501	0.1508425791571152	0	3
3.448100060445501	0.09875437421200023	0	3
1.177261930595109	0.07769441119892125	-1	1
1.935729979062679	-2.023562240572243	1	3
1.155945581473281	-0.07150365298695259	0	3
2.252435174125021	1.4868038209605	1	5
3.658853855965655	-0.7443399673338318	-1	3
1.278265056818358	0.7447251099591983	0	3
3.019526370210087	-0.5206046804304584	-1	1
1.4229098363546	1.077299503900192	0	1
1.886374396922639	-0.4468418052806472	1	5
1.294530670235937	0.7719670233652772	1	3
1.399167464465186	-0.6032718783778381	1	4
2.095970145115244	1.254582153058891	1	3
3.08532049801545	-1.118267107010848	0	3
1.192401404016763	-0.1687911045904193	0	2
1.15899172717978	0.04244353574438464	-1	1
2.005863212721469	0.2372018471930979	-1	3
0.1718061716797068	-0.2866867285697118	-1	2
1.533465141799715	0.1994706325388679	0	1
2.014941996778519	-0.852716730931349	-1	3
2.091069231359749	0.6831834717431332	0	4
1.031352206641169	-1.683804126277358	1	3
2.573919169921552	-0.2653757640544728	0	3
1.11507222527844	-1.342897693172703	1	3
2.719347538610388	1.171385968803279	-1	3
1.28727804261302	-0.3034528987122714	0	3
2.623716926796419	2.821802170506492	0	4
-0.8669634894223717	-0.8306241978150695	1	2
1.593826457069506	0.960540318766585	-1	3
1.093310479580045	0.7258922389660751	-1	3
3.697101555326792	1.215710169926305	1	4
2.049190901348084	0.293804898707727	-1	3
2.429915471312903	0.796486365514169	-1	3
0.8138544938527275	0.3802609987570661	0	4
0.6743657117360691	1.008114955264582	1	4
0.7802648091028193	-1.304498723913935	0	1
0.9095876361990511	0.6445188974135362	-1	2
0.9962391877118895	1.375440447151486	0	2
2.275660262299478	0.1402809584437798	1	3
2.60501316769528	0.1494698358344279	1	4
2.853847695322148	-0.2878404637347393	0	3
1.402424615528836	0.6221572689234733	1	3
2.970366792779031	1.658617944961661	1	5
1.898933056296896	-2.88966696348545	0	3
1.396718662921798	-0.7462368881017754	1	3
2.501778336885645	-0.8980791899882347	1	3
2.974953545145783	-0.2042290240424903	-1	3
0.04792982621011732	0.03534113065486661	-1	3
4.478896392055461	-1.391697801350632	0	3
1.179744202459491	0.2544417946345354	0	3
2.728752824209706	-1.440200384387839	-1	3
3.430635679876048	0.4514657881020094	-1	4
0.9223984864969808	1.138559384387832	-1	2
0.2718785461368722	-1.391962499666291	-1	2
3.994792020846594	-0.5296455406181011	1	5
2.744500546617416	-1.473024592911942	0	3
1.15845677575173	0.3308617176124382	1	3
2.53439423319066	-0.3043613622506496	1	4
3.100933833032476	-0.651759061510479	-1	3
1.387088217019318	0.1985611600537562	1	5
0.9561612464866953	-0.0435785533231041	0	2
2.539643119423566	-0.9944776290380712	0	3
0.7133861434713855	0.6216298399246095	1	3
4.638532919751823	0.1084529431124418	0	3
1.26704084822021	-0.00300442419788073	0	2
2.012130453620126	-1.378894274882153	0	3
2.614400562070804	-0.6891131077293521	-1	3
1.700475559807234	0.7941606414611981	0	3
2.172906466340167	0.4209892949137196	1	5
0.5568301902211952	-0.2837201747346612	-1	3
1.528579752379161	-0.6713061059908471	0	1
1.262192605627562	0.6131672021234893	0	5
2.323962650451235	0.3235344339913461	-1	3
3.144349266219334	-0.06784197533607861	1	3
-0.1804997004510764	-0.1981028202440146	0	2
2.527292779055784	-0.7359340157648229	0	3
-0.8080758304716746	0.7490193658508669	1	3
2.479236478164434	-0.3319861431136853	0	3
2.538456746829032	-1.317865469549211	-1	3
2.495329886113455	-1.65551208480482	-1	3
2.062089961284334	-0.9732929859655344	1	2
2.533838363311225	-0.4797289410870491	0	3
1.851176366547556	0.437798493824882	-1	1
2.096039865406218	1.412745938721983	-1	3
-0.06877384872817594	-1.560284207152666	1	3
2.316961246220539	-3.328066001800974	0	1
0.8809527465481319	-2.34167271809407	-1	1
3.413425037649658	-0.9791239396052132	1	4
2.956145927900134	-0.3644780860270245	0	3
2.632617794814134	-1.523244527093053	1	3
2.275654947748395	-0.6693546866576374	1	3
1.344337574199374	-0.9358831666794976	-1	3
1.457512960445268	1.050232175691139	1	4
1.713192700044981	-0.1631606787635463	0	2
0.6617537083986895	0.02426591735981418	0	3
4.324893660598486	0.09669943712285743	0	4
2.798034089176427	-0.8852447656329144	0	4
2.100448186653671	-0.273470922856393	-1	3
2.472463506211386	-0.8423349663174952	0	3
2.088613471437716	-0.02192848474758496	1	3
2.698389864462717	1.03244351830033	0	3
4.08277238277401	-0.1366081230478678	-1	3
2.91787285614454	-1.640415801606837	1	3
4.737819693415903	1.045282032042672	0	4
3.104383051870664	1.177259701963421	-1	3
2.626018205132861	0.7911548392255582	0	3
0.9418940778231888	-1.596495565972178	-1	2
3.226317753179345	0.4165630841120104	0	2
2.187654793077728	0.2091881765539793	1	3
2.874727611410568	-0.9164898363740744	-1	3
2.462470607918419	0.392701451965331	-1	2
1.541419667135952	0.9974654844603657	-1	2
2.131112820191909	-2.389892080172559	0	3
1.158552455113905	-1.037116568382474	-1	2
1.811052867047666	0.5066953068905622	0	3
3.338761715765811	-0.1911927716461867	1	5
3.462650323493101	0.1419924947508103	-1	3
2.776018682643404	-0.7260010997351968	-1	3
1.749678446571923	0.762144997850799	0	3
1.350595706555225	0.4551997812241859	0	4
0.8463147634999944	-0.3949937020233564	0	4
0.6895649816702572	-0.8054605907080621	1	3
2.704910977912085	-1.538492222743998	1	3
3.886748776522206	1.090476771545256	-1	3
2.148382073623175	0.3815730107124262	-1	3
2.170321569800272	0.4376377079003364	-1	3
2.952289442802109	1.917342850118122	0	3
0.8968373083066552	-0.2106269142270094	1	3
2.560267943340659	0.6922033656554273	0	3
2.250835018650812	-0.0151181780389232	1	3
2.197679360135521	0.2861670547402426	1	4
2.07914822336955	0.9855141322292556	1	5
1.916310721434723	-0.1190805973777146	0	3
0.1185041232063122	-0.8444769727222858	-1	3
0.6351177355785369	0.1199269820361655	-1	1
0.3336404411956153	-0.6795732915667417	0	3
-0.2463195003426471	-0.3282940203124827	0	3
1.123630144854872	0.5666257006082284	1	3
2.119534547129109	-0.3720267597748208	1	4
1.655868518347053	1.433829656654623	-1	3
2.561840590774716	-0.2565870919660622	0	3
2.878540345573454	2.612923157024583	-1	3
-0.2678407111356873	-1.278809770825371	-1	1
1.854428023480097	0.4805715031557468	0	4
0.8040722429190341	-0.70100654790853	0	2
2.766550017988493	0.4329842863785492	0	3
2.638841645607238	-1.331672540674717	-1	3
2.238432461682321	-0.3481183998195064	0	3
0.7050358703793	0.3254858903492496	0	2
2.37046413769653	-0.4466259743588384	1	3
1.898168761334782	-0.1608482287588793	-1	3
3.224506016343271	-0.6904004556430834	1	3
1.492839473099243	-2.049500131243005	0	3
2.752604378903717	0.6480881689588683	1	3
1.594711416098636	1.357143190876835	1	3
0.405687271220359	-0.7154718699532237	0	3
3.112456858771815	-0.7132936399311167	-1	3
2.551101898046372	2.485787020526717	0	3
2.356625003171017	0.9325270444321828	-1	3
3.26140962664791	0.1904027619198647	0	4
2.27162936580106	-0.04060053484839564	0	3
1.491437869965066	-0.3570980092570296	0	2
1.675689968704194	-0.2426038564754728	0	3
0.7631246543888137	0.8327838848372324	0	3
1.304200730100471	-0.817855158067245	-1	3
1.546323357324508	1.574619894976501	0	3
3.539986220871786	0.1899779278537354	0	3
1.593842208413776	1.677855637937307	-1	3
1.829017367442983	-1.685672870854513	1	5
2.218231493740624	-1.178381052807771	0	3
2.479426460434317	-1.678851643762241	0	3
1.625132491622368	0.4078788830692529	0	3
3.62792225697015	-0.7986559954395078	-1	3
1.077020211710031	1.784859697655812	1	5
1.609350260913509	-0.01440965241750865	0	4
0.9708815861817823	1.337635019061614	1	3
0.5255672542215168	1.56900874338606	1	3
1.75190471260863	-1.964857475100942	0	3
0.9921893787013798	0.2864248358158047	0	1
2.645777294383633	-1.323944135873753	-1	3
2.919458350456113	1.692145276375633	1	5
2.950615369674948	-0.5877769199468336	0	4
0.7467233158671591	0.1849754322260954	1	5
1.629216027031109	-0.589601059151621	1	3
0.0790323495763734	1.139837045309725	1	5
2.134656522025194	0.873150815325984	1	3
1.483783082413145	1.911422670180203	0	5
-0.3462782488636989	0.5480504847107299	-1	3
1.178894307705294	0.5162444832884373	0	2
1.960326923986536	1.246910989179119	-1	2
1.130548745010503	-1.947968500624452	0	3
2.809559010435785	0.4943712384976298	0	3
-0.04126976406821337	-0.8671408575664862	-1	3
3.66193710157812	-0.9988051565272397	-1	3
0.922551571187098	-0.4960670148978026	1	4
1.934745557859044	-1.24920587016002	0	3
2.850954682897243	-1.916541763039418	1	4
3.587169763442061	1.35900414320739	0	5
2.892834712780876	-0.6424950910564666	-1	2
2.356052991038597	-0.2604772171878316	0	4
2.743551529949025	0.4219515975724283	-1	3
1.309007122166637	1.112172240279477	0	3
2.443413034754646	1.265630147030943	0	4
0.09710524110897856	1.668970424983955	1	3
2.154844317617036	-0.2135327335530536	0	3
2.344389096719683	-1.192226005776648	-1	3
1.24556538463621	1.128154438747991	1	3
2.266992921294968	0.1691780539289575	0	1
2.441571712214083	0.6669258419956933	0	3
3.760154159616387	-0.8497351553057321	-1	4
1.731578699929363	-0.4284368125440296	0	3
1.692854320472132	-0.1776738559162829	1	5
1.902856390637345	-1.976137478297189	1	3
2.988162231412779	-0.302635635522476	-1	4
2.308130272538671	0.3674857961917114	1	5
1.75336465006473	0.5125516729010747	0	4
3.070659750835449	-0.5430790241817725	1	5
1.804207179204743	3.060567527407634	1	5
2.119933868689768	-0.1418039915668601	-1	2
3.499254917282033	-1.611787713768132	-1	3
2.194996241929469	-0.8835801924646393	0	3
0.4574623698706237	1.933872680815915	-1	3
2.974729493923991	-0.1301821899570303	-1	3
2.214316220302017	0.4224536018588942	-1	3
2.501390880177859	0.6212912054436516	-1	3
1.651627755532012	0.1955891300925803	1	2
0.1866700828338876	0.2374585625027401	1	1
-0.2544861141499148	-1.40003464088846	-1	2
2.792648249059579	0.6796253624965968	-1	2
1.44249377954766	-0.7915480103627642	1	3
2.513405674272494	-0.1967365648258951	1	3
1.68399639522775	2.232249331141475	0	3
2.178802099212577	-0.3418326568445489	0	3
2.616917789896203	0.4442532331271224	0	4
2.775995115531577	0.604261617031727	0	3
3.26711785051041	0.04513153183303661	-1	3
2.959501492722543	-1.070846973303348	0	3
1.390576882857831	0.03540359922882482	1	1
2.49487014344407	0.06689102645785226	1	3
1.633898775111999	0.07075606478321664	1	3
2.062628838854826	0.4296251591949655	-1	3
0.5256982405485904	1.552782270670847	1	2
1.324429142707049	1.373743304246605	-1	3
3.015305632714972	0.3065932982950994	-1	3
1.761623655621813	-0.3196304434879839	-1	3
0.8749613399112639	-1.783839780416602	0	2
2.456523792255426	0.6047236816049787	-1	2
1.79495889633025	-0.6865902221893065	1	2
4.653328814544958	-0.7302705192607465	0	3
1.473807993334292	-0.9864621088520538	-1	1
3.943377922972163	1.93227647911896	0	5
3.973877886864106	0.8099430923847752	0	4
0.4376590986796474	0.5265567393816112	-1	1
2.448901873949263	-1.523510005289189	0	3
2.394924022431027	-1.717473934623337	-1	3
2.067502458343177	-0.7343891178987131	1	3
2.683470075605491	-0.6796962446267852	-1	3
3.497129431429961	1.373506034525711	0	3
2.048084781940205	1.466779053244319	-1	3
4.079809672296942	0.7123190770191235	1	5
2.419457606424248	-0.1275055259699253	0	4
0.4195317681136503	0.516136487293694	0	3
1.322779833677602	-0.3284565340112248	0	3
0.6569631278350521	-2.561773585958349	1	3
0.9602684208487713	1.186480912691464	0	2
2.210180254514421	0.03879939170681805	0	5
0.8660178087040169	0.6737099209779133	0	3
2.302543923121364	-0.1857257185765041	1	3
1.597094107916311	-0.9383205241525028	0	5
0.7442230077793348	-0.8343940186372366	0	3
-0.7914854396238318	-0.5027305203483771	-1	2
2.331290295206642	0.7355058907719573	1	4
3.31942659290762	0.4682535111893921	-1	3
2.731895135820486	0.7871640920995089	-1	3
2.061443563976566	0.7785560003998031	1	5
0.8133330060580655	0.4610331425038757	1	1
1.841016049038435	0.01374885998554237	0	3
1.283787379957678	1.324230375902331	1	3
2.041269747744594	-0.3312930310205473	0	4
2.210502636203147	-1.477146087014172	0	2
-0.6107594904930842	-0.2565623754090982	-1	3
1.260803967630493	-0.8727634029662965	1	3
-0.07804409130677215	-0.8977605343463759	-1	2
2.795860571855386	1.390880622562323	1	5
2.085052065026199	-0.642005153767039	1	5
0.645621092025455	0.3272373470823661	1	3
2.710066903498763	-0.5901062896528053	-1	3
2.236191344544817	1.189878948402716	1	4
2.58229567151486	-2.354569164581207	0	3
1.076709457785568	-1.317885019386449	-1	3
1.876661612530535	-0.7004293608286746	1	3
1.360582387408668	1.144755235977458	1	5
1.912277697010955	1.143033514182308	0	4
2.312744720873283	0.2996965646045459	1	4
1.872098720226591	1.580835324425568	0	2
2.808291944543047	0.4626425152706286	0	3
2.567425863517793	0.04288877086588221	1	3
3.620923724295369	-0.1336128213701641	-1	3
0.6072864662913919	0.6060966012885908	0	3
2.313864568335962	-0.484802925075164	1	2
2.507720887308055	-0.2797321516005865	0	3
1.899738377999122	-0.5705565355789548	-1	3
1.50224640458305	-0.7267066418318596	0	1
1.967228652149745	-0.8779382241022831	-1	3
2.627216535385618	2.106300881872576	-1	3
2.691555471189284	1.067519764855	0	1
1.719326533740233	-1.958248553593998	-1	3
0.6975788726371093	-1.118250573729174	-1	3
1.198417984060962	1.683073184606279	0	3
1.678051458241967	0.4960069897738645	0	1
1.9262320685762	0.8956374143821674	0	3
3.145075161047305	1.992550865958898	-1	3
0.9738286353961807	1.917537870563501	-1	3
2.526368072513179	2.154384208925144	-1	3
1.266405182593563	0.506504021053429	1	3
2.418880246709932	0.8510236967023197	-1	3
2.352905185176736	-0.6119007549685723	0	2
0.4016377336968005	-0.01609563970174054	0	3
0.7802173438112072	-0.9671260407219471	0	3
1.114827514925805	-1.484092718896729	-1	2
0.9322527607257782	0.5529678255469155	-1	1
2.919364371740687	0.295961409695668	-1	4
0.4037880712082385	-0.7244069958844622	1	1
1.59871873198149	-1.0348988218119	0	3
3.49592494324831	-0.3789711238340711	1	3
0.7420557991702295	2.001934362988962	0	5
1.237045772022628	0.2961316601039694	0	1
2.928544798990314	0.3296339487117677	0	3
1.737948920498687	-1.602198386715742	1	2
1.164051294820615	1.394191068997619	0	1
1.144035101288439	-0.05647232184183689	-1	3
0.8972532744630177	0.7492681462116007	1	2
1.194436874053129	2.429078785570744	-1	3
0.4599682393133528	1.384561557097731	0	3
2.458049658187679	0.4406446277337509	1	4
2.831221193437647	-1.098393835814236	-1	3
3.450619504715673	-0.5827762889853023	0	3
1.631578021235945	-0.6412028842798468	-1	3
1.529451049000566	-0.8910869083114454	0	1
2.356710499996756	-0.7768893516766304	1	3
1.703955808802956	-1.231760808304621	0	2
4.1539252946336	0.1493513611052177	1	4
1.863155094668099	-1.575489830276409	1	3
3.65968938444515	-0.4589415336146623	-1	3
1.416030905479542	0.1514063903966543	0	2
2.532661816231719	-0.70781845963055	-1	3
2.437395769181215	-1.420943125119535	1	3
0.5246721554640359	-0.7566870451978282	1	3
1.365480011699236	-1.368982814107032	1	3
2.076985308023229	-0.418833488781597	-1	1
4.444180106492382	-0.4539172469734513	0	5
1.12016744387095	-0.6590334337230763	0	3
2.018684128190998	0.7325842978628326	0	3
1.824376640733525	0.1866897423411434	1	5
2.672944067924381	0.2151686903220755	0	3
2.215580871996571	0.3346346555121967	1	1
2.15126505056822	0.5584807409172312	0	3
2.632272087808793	-0.5120144840756686	0	3
2.115856150325779	-1.2126225853438	0	1
3.420804094800891	1.44892426761545	0	4
3.396127621890309	1.043378579906316	0	5
2.421966619684625	1.219605367903945	-1	2
1.321784757471179	0.9175667201825091	1	2
3.111680982579988	0.2824467588189553	0	3
1.266528802670493	1.468029540990369	0	2
1.837244839927602	0.4936336882705839	-1	2
2.110933693522709	0.4465010194208438	1	3
2.999297469004476	1.968643334769846	1	2
0.4470118568336217	0.7682721575523889	1	3
1.782944733982724	-1.5310470937865	-1	1
2.698584571387841	2.129876611968297	-1	3
1.229796211862631	0.5121501294512112	1	4
1.7593163023518	1.170641932728593	-1	3
0.7755788517199089	-0.1261604711621703	0	4
3.264202973030034	-1.159588872611355	1	2
1.373278198618972	2.077890884527995	0	3
3.750440496878706	0.7425318462581118	-1	4
1.437192704501543	1.785833899526263	0	4
3.742312616782359	0.4878810006962919	-1	3
2.515488092916477	-0.190349780120985	-1	3
2.075178206379787	-0.1848270812462226	-1	3
2.892247809912198	2.071339191600817	-1	4
2.620013183692174	0.8831147912048836	1	5
1.233551266378915	-0.4226507387153517	-1	2
1.273980568646062	-0.01468727628128971	1	4
3.563641745725799	0.9667435943202973	0	4
3.525574077608683	2.795817481251564	1	4
2.98656811021187	-0.3315686958669747	1	3
0.1940966210272581	-0.05037221466128161	0	3
2.872502931144478	0.04366621838544742	-1	3
0.6668799427502417	-1.431971962727356	0	1
0.8701995507731466	-0.240110591220292	0	4
0.8246331019985465	0.3759543656871779	-1	2
2.40748661951451	0.03870706298973727	0	3
1.540600811277536	-1.838645971173756	0	3
1.548595088522425	0.3552572939099711	-1	2
3.17565398259174	3.129011283621481	1	3
2.313399065324545	-1.394908759646148	0	4
2.342107816971403	1.224813020366242	0	5
2.397716479668086	1.1916239081088	1	3
2.171922972022546	0.7406028339195637	1	3
0.8027886708720697	0.4246217654272556	0	3
2.342754699271712	0.5315423749710028	-1	3
1.439437486193874	-0.494245212868127	0	3
1.830523569779651	0.2805456212535111	-1	1
0.01988275608029322	-0.2282490608263712	0	3
2.568475427262628	-1.155215780432977	0	3
2.77874832809451	0.358851853783152	0	3
2.65481587297954	-0.02525762002471698	0	3
0.5626491934538915	2.163432738978672	-1	1
-0.2111185557219453	1.37372602566483	-1	3
2.53687097172234	-0.7350761738671302	0	3
0.3764947747933436	0.2669490055656882	-1	2
0.7261365130096942	-0.668670857798694	0	4
0.4150033435106495	-0.1399016262730626	1	2
2.095335277494031	-0.3226054199492175	0	3
3.443888898628196	-0.5964456291780993	1	4
0.7322679568025012	-0.9612948081423891	-1	1
1.356355683883135	-0.2322579371047052	1	4
2.408309708213206	-0.5416551739584392	0	4
2.623270664344106	-0.05762670873050289	-1	3
2.947068407433959	-1.902570060187066	1	3
0.9475616605850252	-1.435546393926875	1	3
1.098865830975875	1.149650442991007	0	4
0.6719740885112941	-0.4685008510230341	0	3
0.7021435451531644	0.2882140837675107	0	2
2.710165702770238	0.4986772861729216	1	4
2.103484188130573	-0.8369748092392675	1	3
2.419714374051831	-0.3536221396476276	0	4
2.0418268564118	-1.484563751514384	0	4
3.585583673451254	1.620176630019205	1	3
1.376269946923012	0.1443886337464536	1	3
1.951639656127201	0.6629424611197886	0	3
2.785490398511427	-0.5365596192194727	0	3
0.656761894698521	0.489154329163762	-1	3
1.863891941653997	-0.2882372438351317	0	2
2.109311029369638	-1.345935050027432	0	3
2.368423182918939	-0.7959849677514503	0	3
1.861664795233522	0.279525891028049	0	3
1.57738997265063	0.3187687557354792	0	2
4.206999538824028	-1.265893060685758	1	4
2.311811915738601	1.230892325685468	0	5
2.186724116255787	-0.3098049174892303	-1	4
1.922671945550051	1.359529379234006	1	4
1.62401920638457	1.555247456769797	0	3
1.732687042776008	0.2374082214714703	-1	3
0.9813941931836558	-0.5849943468661331	1	2
2.240279325905358	0.1519499984057799	0	4
2.03592315152709	1.074912758170626	-1	3
1.569825702749768	-0.7710981836280519	1	4
3.354278368802215	0.3782736343590291	1	2
1.975027176498083	0.447640937068462	0	3
2.075087604274731	-1.467546540280679	-1	3
2.179641478502981	0.5570728002741364	1	3
1.7378069717547	-0.925068203927815	-1	2
0.4933825003071735	0.9777781016453691	0	1
3.206290380505563	0.9538422601769027	1	3
1.944696055198699	1.491452432985657	0	4
-0.7427897675279902	0.2215206633392667	-1	1
1.698719897604405	-1.239657562985257	-1	2
2.285223229087315	0.07428485647314197	1	3
1.457738805502882	0.4830823349350737	-1	3
2.963618745825478	-0.7241833747729806	-1	3
1.495679774772317	-0.5781483168590428	1	3
0.3628575746142324	0.0771812974389651	1	3
2.115475563246751	-1.098377138513202	-1	2
1.176949844306411	-1.812436605178915	1	3
2.15210818670568	-1.927234072385257	0	3
2.893000307307297	-0.884078364452542	1	3
0.2417828534132309	-0.6806065513517684	0	2
0.5179518880920369	0.8818395140146539	1	4
0.9928699994705612	-0.06189899480335791	1	3
1.98080666562663	-0.102416804668416	1	4
1.158936914855264	-0.6852935263946082	0	3
1.236135338002307	-1.022643051615682	0	2
3.215623637413777	0.4210276978795718	1	5
2.799720221460307	1.107651236301489	1	5
-0.1842166831950274	-0.6237067123479227	-1	2
-0.1693728447107974	0.69721668495057	0	1
2.633860751903288	0.3042595084516503	0	3
2.943199494001946	0.4407079937716937	0	3
2.730239890751417	0.1445126966626484	0	3
1.72706370065291	1.814837238428885	1	5
1.398224857030756	0.1431084782862341	-1	2
1.617591786539967	-0.3037418216467872	0	4
2.498065059113872	0.2555585851778833	-1	3
0.1166354490720545	-2.093727840866657	-1	1
3.653678277188002	0.01112308617439167	-1	3
2.992952264501268	1.423357935554328	1	3
2.532458498485288	-1.429634214098041	1	3
1.407833810534063	0.2835777013170939	-1	3
2.198930203822521	0.79674167518497	0	3
0.07471569581250814	0.3765320549897777	0	1
2.082036858465063	1.16049000648438	0	3
3.350703641334929	-0.5977101218619028	1	5
1.795799256545185	0.6189391458092579	-1	3
2.263538477248332	-0.192514750385467	-1	3
1.631839633835289	0.8797454884304271	0	3
1.265328826920636	0.7464529299123724	1	3
3.350349872750651	0.01788453243476718	-1	4
3.118957764489523	-0.8099894780217654	1	3
1.489588940153928	1.000566654594854	-1	3
1.953062393155309	0.9147629474192963	-1	2
1.973339221194007	0.786767625906762	-1	3
4.655014708997449	2.622762721755023	-1	5
2.744189517479538	-1.66806669438104	1	3
1.580019918887846	0.1831731701584136	0	3
2.549998477518745	-0.1878152218316904	-1	3
1.543598421235396	0.4765862914193277	-1	3
2.678029257595205	1.320968268672866	1	3
2.424065612997524	-1.649444496325075	0	3
3.398092158305839	-1.771671523918697	0	3
0.2955477883736586	-0.5421989644992719	1	2
1.930253285148316	-1.705298576930202	0	3
1.153020692681322	0.5600263676280236	0	3
0.5834691396205354	0.1679918705060172	-1	2
2.215815052274686	1.118072465587473	0	4
1.986456705562857	-0.1998716461836878	-1	3
1.270273529530718	-0.6750373123984975	1	3
3.573664799944578	-1.233397046122962	-1	3
3.375653976351312	-1.639255845910338	-1	3
3.01986901862656	-0.211614558426263	1	3
2.137906943776454	-1.10460977404422	-1	2
3.198122940157908	1.366328246760922	-1	3
3.627824614089376	-1.140587074959065	0	3
1.270567019271896	1.349142633329604	1	2
0.9878530281303894	-0.132228943383493	1	3
3.619675929687381	-0.08881512188814031	0	3
2.473343711403984	-0.9332548125938753	0	3
2.272848258564254	2.814090571059491	1	3
1.949433910612013	-0.3303454935458711	-1	3
0.6670248861983734	0.3048354773130077	1	4
1.450001959783712	0.103081975219506	-1	3
1.436839003818157	1.207823450338138	1	5
2.903201119070316	1.392782397452914	-1	3
2.224495185394452	-0.9237452207430464	0	3
3.516908383263445	1.350641503221722	0	4
-0.06823220590718604	-0.7701163133945399	-1	2
2.252278975696386	0.2644637290999162	-1	3
1.745693233210353	-0.01520032588910452	0	4
0.9510801510915303	-0.7842518557516964	1	2
2.584545117704173	0.4776276792254943	0	3
2.769611731732773	-0.8143323438314343	0	1
1.97798693674863	1.242080213870736	-1	3
0.6690647113253208	-0.3891855825369671	1	3
1.408293201763745	-1.768886921143426	-1	3
2.854405382825778	0.4151650306100536	1	5
2.736759933933619	1.040254178419067	0	2
1.488392914067471	1.137206654818288	1	5
2.237772767206933	-0.8449350740084271	1	3
1.03889280685125	-0.7101730365494462	0	3
1.300542131995129	0.2326241605610674	-1	2
1.94180343869112	0.4259728120876171	0	4
0.8933589783519107	0.4840281504592662	0	3
1.917712899678859	-1.000888714200736	1	4
2.448638744904415	0.5235058793045079	1	2
4.564936260277309	0.9387811152644088	1	4
1.625956241913114	0.8339148868379862	0	3
2.526658262457056	-0.1622634561945703	1	3
1.550594412837301	0.1212878874280715	0	3
2.516383074441768	0.07373848205134714	0	3
1.095815724039193	0.9505942703613916	1	3
3.041900903678999	-1.288294484276777	-1	3
2.596540821558265	-0.3552589673618105	1	4
1.445449156219416	-0.83310912039682	-1	3
2.085095017955904	-0.733269369288524	0	3
2.092384540050146	0.01313810283744852	0	2
2.697354325179044	-0.8523217825204663	-1	3
2.103148697079873	1.150284278531921	0	4
3.348699214282739	-0.6786230607937078	0	3
2.550286289356167	-0.8431059683531869	-1	2
1.476329418860628	-1.68331653068629	0	3
2.156833108730552	-1.612474834008663	0	3
1.950418949853666	0.9039115603936346	0	3
-0.008224708298225636	-0.4045617391461741	0	1
1.859453586053748	-0.1456545177231177	0	2
2.83396400134345	1.321255817209843	1	4
1.833050358061157	-0.0009546463755348979	1	3
2.741441425876563	3.043855524421982	0	4
0.9291637131253694	-0.9359974812834213	0	3
2.090518699939745	-0.8552925027436089	-1	3
3.044027203217142	-0.3712410126029662	-1	3
0.5806260719221834	1.91213814437272	-1	3
0.408693633780076	-0.0824655004665551	0	3
2.142730745025554	0.2768467340521798	1	3
1.800686298408402	1.296392190269844	0	2
0.9307630475805531	1.385176119684358	0	3
2.919772210666165	-0.3864432574468054	1	5
0.5195522520632288	-0.5268404536156101	1	3
2.956831636718433	-0.6157068711406162	0	3
0.8583185632236952	0.4644956493893076	0	3
0.6972973258499846	0.8540264160533542	-1	3
4.324373766545154	0.4424503221675112	1	3
0.2752874170029558	1.372398043506161	0	3
3.481775916688491	1.194869339113869	-1	3
1.241173829850543	0.9369611442760552	1	3
2.569992169358828	-0.3718147485157016	-1	3
1.411877274195335	-1.109198044138623	-1	1
2.08238881518625	1.164283208934984	-1	3
0.5915889963470986	0.09176532041946586	0	2
2.499701885665883	0.1927769331536218	1	3
1.442845956253996	0.9350612023029065	0	3
4.630424285945336	1.55987980121684	0	5
2.927610616238994	-0.5871203898562792	-1	3
2.145536990088283	-0.5713043445687254	-1	3
1.820426733905078	0.02867946253356913	-1	3
1.922623324960023	0.4256265114599699	1	3
2.548909369748141	-0.1211533580794628	1	2
0.9100116759862114	-0.8031262908784936	0	3
0.2781650982966555	0.102569988545902	0	1
2.657394381235469	-1.369828554427311	0	3
1.972119107767997	0.3494604096095919	1	3
1.12100594275885	0.6306089837766916	0	3
1.386272296091004	-0.3137453602213128	-1	2
1.654247288242417	-0.6242656747160742	-1	3
1.845825874654131	0.4030387335145044	1	2
2.30494778675242	1.214524922175492	1	5
2.031674821805241	-0.3348687529383887	0	3
2.411703612116744	1.018226669026485	1	4
3.147954224966253	-0.4451380236881583	1	3
2.374490163377886	1.01538974113207	0	3
2.377678771180147	0.6732938884925085	0	3
2.608950766118868	1.459418772220629	1	3
1.636079170132049	0.4691890327795811	0	2
1.364595706063282	-0.9439719293638029	0	1
1.130387188715335	1.753356697340923	1	3
1.593630732969939	-0.1421557554717031	0	3
3.201667313896715	-0.9812744575010562	-1	3
0.5426350277124292	0.9153255968721344	0	3
1.360109764303299	0.8640635271404363	0	2
0.1526991436705609	-0.08391776971903943	0	3
1.300116767684053	0.744300033305896	-1	3
1.760275637941176	-0.9516503729827945	0	3
3.36085093981715	0.03160208907255705	0	3
1.864141858852239	-0.660432602089795	-1	2
0.959942146315832	1.405206279847447	1	5
0.4220815248760663	-0.02251700213947721	1	3
2.15041778751168	0.152693112044658	1	1
1.536140255923111	0.6075737035681208	1	2
1.584017799216738	0.6616790276437328	0	5
3.224598568343217	0.2633092288402945	0	4
2.778075069461618	0.920175235206377	0	4
2.349085486464422	-0.5608443806716782	0	3
2.784056712492968	0.02471610274376222	0	2
2.494240002147634	0.03509977154694998	-1	3
3.661780214281179	0.8920065044043678	0	3
1.752851468693586	0.4837728519678577	-1	4
1.910861088607392	-0.8454417093736708	0	1
1.943338976321965	1.443944412549973	0	1
1.626749087072715	-1.100833472770413	-1	3
1.426730744055084	1.134104307603851	-1	3
1.91513197598697	-0.6707605262354127	-1	3
2.297009458040863	1.611530791191141	-1	3
3.206287104804613	1.093936282495393	0	4
0.9053883963791352	-0.6616214463850741	0	3
2.147815942536696	0.2145549035020718	0	3
2.482304557827225	-1.323326695789057	-1	2
1.735055273192954	-1.722868722602704	1	3
0.7001906097618407	-0.4243534235680351	1	2
1.307750866238236	-1.295588803913475	0	5
3.773345285530019	-1.034171514666942	-1	3
3.607874645203433	-0.947801287662601	0	5
0.5660264248594966	-2.039822623841363	0	3
1.565134899550428	1.733115877864386	0	4
1.16276188080933	-0.2716305141146933	1	1
1.912790556246744	-0.2394200556751613	-1	3
1.655692391989221	0.694533012244351	1	3
3.038474908353253	0.0555775143132877	0	4
2.894182893195755	0.828545083096472	-1	3
3.245622251694575	-0.5432348802931686	0	3
2.409901785942764	-0.9751017264279279	-1	3
1.73243720306055	1.528196046756083	1	3
1.234522160959193	-0.3987953946298629	1	3
2.839421948381927	-0.7390889345148337	1	5
2.864165925142972	1.002773957426678	1	5
1.570920201338947	0.0808924847798792	-1	2
2.71967607617108	-1.658784084184033	-1	3
2.102194355963152	1.375722506445992	0	3
1.944524817307693	-0.1855141816922616	-1	3
3.880401528547647	-0.5663273050147591	-1	3
3.735589877110844	-1.654083849024385	0	3
1.492395088421094	0.18111146750697	-1	3
3.172732905119953	-0.4866209809078096	1	4
1.946082398926714	-0.8392111856999738	-1	3
3.116365729654608	-0.5898354774984841	-1	3
2.670680657935865	-0.4609910184860275	1	5
0.3266727759411536	-0.2981065735943287	1	4
0.9352965350421789	1.09150130882303	0	4
2.94364441599058	0.085071791611753	0	4
3.614644495965036	-1.034319154204819	0	4
1.893261262879157	-0.4573010589653326	0	3
2.104813206589935	-0.714466339803173	1	4
1.553857251743157	-0.1044564999689878	0	3
3.067174429083856	1.271608871197047	1	2
2.168210415642527	-2.033536867071148	1	3
2.3618113046273	0.211584707740484	-1	3
1.777647312001179	-1.137483622002332	1	3
3.955510116794292	0.108376073296014	0	4
3.222703142915718	0.09623408990309154	-1	3
2.003862195600164	-0.311591979414254	-1	2
2.575860234399114	-0.229430897773831	-1	3
1.406822844864632	1.166541475724732	1	3
1.502369968615574	-1.492223047384245	1	3
0.8805602971705326	0.5498199018283911	1	3
1.957513402911052	0.8046908510055307	-1	3
2.388499513223961	0.4789724167865306	1	3
1.926270965537086	-0.4324611325700263	0	3
1.537956611496399	-2.122003684341889	1	3
0.2255079150048851	1.018760889430108	0	1
2.690918060438267	-0.7929524817137829	1	2
2.393118059560695	0.826877903301059	0	3
1.357866723621483	-3.232562490697795	1	3
0.383787888165718	-0.01948927456264468	1	3
1.211234323213972	0.1418659459113887	-1	3
0.8868409732450602	0.7583825453206676	-1	3
1.092702636021171	0.1404461871320047	-1	2
1.789227728669968	-0.1825099054119817	1	3
2.367717681958647	0.7122714752730753	0	4
1.065464999445395	0.6435870365660834	0	5
2.613863600558442	-1.592920290620066	1	3
2.353293662192684	0.6660233271144446	0	3
2.899345177333585	-1.813887186513606	0	2
1.557208172637859	0.7862980971785426	0	4
2.309625348051675	0.3586670517367318	-1	3
1.429247136045429	-0.9148530580261498	-1	3
1.445058865693128	-1.819108338859203	-1	2
4.433312668813935	1.233043176943616	0	5
0.7936706738895614	1.682458224045399	1	2
3.655283264010262	0.9169052632035821	0	5
2.101211400169227	0.413376096178602	0	3
3.247531593491974	-0.2870440913615177	-1	2
3.633777443456395	-1.769805412321345	1	4
2.163622290547774	1.13143575221531	1	5
2.281820621173398	0.2014544493616128	0	4
1.091485835320805	1.063311374458974	0	2
2.10477670097452	-0.1194440764525012	0	5
1.409682075876167	1.741200511692657	0	3
2.482572349699519	0.4604976600560977	-1	3
2.728312551484548	-0.1361248033694097	0	3
1.829463159043971	0.6181819682365395	1	3
2.599621652546503	-0.01223065613863503	0	4
2.519750840081472	1.282724554837651	0	2
2.393315477501446	-0.7914258990109945	1	2
1.564136212981507	-0.9350899822141551	-1	3
0.8059883717427636	-0.7546343563505552	-1	3
2.725381212647728	-1.162768658194006	0	1
2.421533514282718	0.2875335479530792	1	3
1.173738290719053	-0.3701041728313448	0	1
3.575513638743545	0.7487190289250977	0	4
2.306824986091815	1.619478885177753	-1	3
3.66611573235305	-0.7465968734731134	0	4
2.497862589343036	-1.615153211878837	-1	3
2.232705799122968	1.151110330186095	0	3
2.42287677769897	-0.2735479908851655	-1	3
2.473118221122063	0.7987079823027553	1	3
1.343795482755728	-0.9135885769091298	-1	2
3.705495148856314	-0.2883462306516526	-1	4
1.113292123092713	0.9385028744161696	0	1
1.799120349045431	-1.381421758590137	-1	3
1.605310455246802	0.3551914545622452	0	3
2.477974359702438	0.3869602570528992	1	3
2.297451302928282	2.732552159585292	1	5
2.640970618267285	0.1374746795754566	0	3
1.498413474135314	0.3405516555096884	0	2
2.630195849587259	-1.592982503775103	1	5
1.744108424040623	0.883944752933472	0	4
0.366212898803602	-1.84098211222542	-1	2
2.189681102253346	-1.288168086607786	-1	3
3.324968544554785	1.106059860556583	0	3
0.9093311577959846	-0.08800085957327102	1	3
0.8396320978693141	0.1138433677735172	0	1
3.589947154864082	-1.305868802508152	1	4
3.530957560346533	-1.565653112287121	0	3
0.3166088233234401	-1.213773373621378	1	3
0.6691119051998693	-1.365817087449612	1	3
1.43784720346231	1.759995205834502	-1	2
2.877882791750283	-0.2541648777522495	0	2
1.718938594034769	-1.54100579213901	-1	2
2.895098218457913	1.125661166934638	0	4
1.888057382049799	1.041752822971393	0	5
1.180309222407672	-1.341721775190634	1	2
2.212034367500705	-0.9670128195187555	1	3
1.684431917004742	-0.04733069797663284	1	3
2.879758212934495	0.2731722468316654	0	3
2.028479387844666	-0.01247474335238094	0	4
0.9591217359693156	-0.3846851216623134	1	2
5.057321171968701	2.203071702017824	-1	3
3.134255959407707	0.6451141713652383	-1	3
-0.4349158063735148	-0.3052728216553441	0	1
1.085381643374447	1.087315282900113	-1	1
2.907067124696502	-0.2319191091728779	-1	3
0.9789726632812086	1.48095049580129	0	5
3.322131614990834	-0.5101387917918966	1	3
2.926180007398924	-1.346279253934025	-1	3
1.489760005267983	-1.110652570429052	0	4
2.159178385328158	-1.004173826386058	-1	3
1.44627461091221	1.714315343040366	1	3
1.625585384426406	-0.5811748056481035	-1	3
3.608975094894061	0.2133320343354208	1	3
0.4356603466430222	0.8266764135999347	-1	3
2.784906318921239	-0.572188047072518	-1	3
1.880875852731201	0.2870066453593374	0	5
3.276246610147925	2.010874302530686	0	5
1.716823757079356	1.035476945286153	0	3
3.144711565382463	-1.075408369731062	0	2
1.664709621860026	1.313505965382083	1	3
0.2533915794666797	-0.3231364101798377	0	3
0.8159214303277202	-1.3379479783524	0	3
1.270946207270258	-0.1948568763441735	0	3
1.140777267139875	-1.057093851330054	-1	3
1.065522912249171	1.116588498773178	-1	3
1.835531130322844	0.04628622440163867	-1	4
2.677338832856739	1.330689765690451	0	3
2.009623414550376	0.4666138411036686	0	3
1.682579991497019	1.373298657471387	-1	3
2.742648907987577	-0.8198310281338852	0	3
2.659052787607523	0.6072290026778052	1	4
1.402987871840299	0.4234872805903134	0	4
1.990260680178322	-2.471923490840039	0	3
3.079734799389498	-0.3990034992082182	1	3
1.334356270069881	1.892040121302391	-1	3
2.2991401489195	0.4555453666308609	1	5
1.166544744157066	0.8558518171794791	1	3
0.3250235202803733	0.620212571957089	0	3
2.133088167079141	1.323520334997584	-1	3
0.8894623248618061	-0.8331413485909679	1	4
2.403512783462505	1.119053431510133	1	4
0.4087367671845605	0.5921946512506614	1	3
2.602309354828071	0.8858906413782975	0	5
2.172654921100484	0.4178376720465432	0	3
1.309056403602769	0.8413545268608055	0	3
2.298346920751317	-0.7717313130704581	-1	3
0.996141422355372	1.224324075955519	0	3
3.996860698116057	0.1028576594563265	1	5
1.944939400064026	-2.033964715969495	0	3
1.511106685536892	-1.34505556005889	-1	1
3.117768430303372	1.096783426800816	1	3
2.736211450098821	1.064727078551685	-1	5
3.487521858882365	-1.350790403838694	0	3
2.083578090883679	1.503691086949923	0	4
0.9916470288871282	-3.715478867501803	1	1
2.041961388257239	-0.8841191802053348	1	3
2.393476152746746	2.328849686300114	0	5
2.702113746653527	0.8179154410693736	1	3
1.743564077022151	0.7639962463761169	0	2
0.9881663312687494	-0.2700924612781163	1	2
1.62396690144731	0.7098355972208813	0	3
1.133867126635121	0.07466623666896802	1	3
2.851322559993859	-1.018444501438854	-1	3
2.604840128635498	1.018454885861587	1	4
3.656504371597123	1.002356901596047	-1	3
0.554633001152447	0.07004500914834469	0	3
4.412870229209577	-0.7208028549374694	-1	2
2.149522437449132	-0.2576463523637019	0	3
2.566135449859375	-0.3120138488553694	-1	3
2.109654646756468	-0.0869864455684289	0	4
4.235885104797558	-0.7954331048619663	0	3
2.156688224545926	0.5012499607678431	-1	3
2.469637707495964	0.8611926110216469	-1	3
1.53214646794576	-2.216562676147347	1	2
0.7976812159871343	0.06806904961909618	0	2
2.463695925983602	0.09044765679439076	-1	2
2.008479787752424	0.6013741799728283	0	3
2.235142585599869	-0.5003100011516111	0	4
3.790172352144018	0.1598536900010319	1	4
1.120563671487584	-2.257210816441857	-1	2
3.043624902018553	0.9670852803245861	0	3
2.941434410123446	0.4140045179285514	0	2
1.38311714621781	-1.235136273121827	-1	2
1.767755054632203	-0.5003080970164903	-1	3
0.2621809544344977	-0.2028694283886176	1	2
2.203938878335719	3.237356812638839	-1	3
2.567453440180196	0.009396029138910729	0	3
2.132660885009233	-1.301322852132163	0	3
3.329528216040012	0.4460588404438964	-1	4
1.655726435275445	0.1275227748074502	1	3
3.057623169238252	0.7833297020254539	-1	3
2.608977747760512	0.4233236957296499	0	3
2.929861024840491	0.1606599540346688	-1	3
1.460783552516104	-2.299373165829401	1	3
4.361511979668858	-1.075243297996659	1	3
0.5726323920260641	-0.286702768751107	1	1
0.9838421044272936	-0.2513818277366744	-1	3
2.23201918933289	-0.00306457703875482	0	4
1.090182469971854	-1.540515959485464	1	2
2.105728491121118	-1.54187440286249	0	2
1.160114442033927	1.197540099428831	-1	3
0.8949799398013052	0.4283523505988621	0	3
2.750594494586932	1.133905962866045	-1	3
2.790667283998257	0.08168625133831149	-1	3
3.340071866084166	-0.6671370262105981	0	3
1.635120989335912	0.3762937989483505	0	3
1.988656647033172	0.1899463287570243	0	5
2.119326346104076	0.6502860900913986	-1	3
1.994121345288149	0.2086291867652441	1	3
2.442318467392107	-0.2502532379567751	-1	3
0.6243889077525204	-1.004565994082376	-1	1
0.6622992881541241	1.082975097093045	-1	3
2.449076412224349	-0.5573369741807523	1	2
3.205478632910905	0.5609959985565585	0	4
1.64721716097217	0.3291224321248509	1	3
1.296687710042976	0.2652310619616505	0	3
1.96365431530147	0.5098472657245278	-1	4
0.5049719859297834	-0.01212813048662546	1	2
1.850394566716745	-1.357885239189695	1	3
2.386281891494625	-1.987506740948939	1	3
1.802571527675754	-1.447870173482682	-1	2
3.129734043278547	0.1888479294833128	0	3
1.968577411099224	0.1070599079914878	1	5
2.772707147308621	1.79488027118792	0	4
2.481309056334475	0.5702790064012975	0	3
2.781027718961558	-0.846888588623565	-1	3
3.103401677689114	-1.315756305650122	-1	2
3.100091913056587	-1.011095706518851	0	3
1.614223884515714	-0.7860705625331992	0	3
2.365470479124746	-0.5676262543400876	-1	3
0.9547894642940467	1.319253777130703	0	3
2.424351933422684	0.01683910884166512	0	4
2.834369473423355	0.02888504780899933	-1	3
1.935456252931748	-0.7858646846941794	0	3
3.003630657719552	0.3963649477477642	0	3
1.453078872168179	0.1857924885884452	0	4
1.380450015487821	-0.614512433857906	1	3
0.833400376546394	1.531236699493647	0	3
1.14362840474256	0.6445088759447774	0	1
3.566692759417651	-1.20885617621974	0	3
0.3458106997802128	0.1612031443769902	0	2
4.400649006924255	-0.7331261726342999	1	3
-0.09709849422058348	-0.1818693669113455	-1	3
2.462293795048797	-0.2195545870097868	-1	3
2.893203111771566	-0.09744398331311838	-1	3
2.544948806570107	-0.4466749772424816	1	3
2.156080893107041	0.647715699539043	0	3
4.182327876565106	-1.363745297387758	-1	4
1.901137959329028	-1.818829993603667	1	5
3.96085377807852	1.183224409237598	0	5
1.017690289905094	-1.059616756277201	1	1
3.410265903920078	-0.6286079485829428	0	3
3.048920589654814	0.5001804102462024	0	4
2.431890155684493	1.723540603953836	1	4
0.6633572516626598	0.9145177045896317	0	2
2.391198072473127	0.3435672831786442	1	2
2.662800904954053	0.00877053665881823	0	3
0.9333766658268128	0.7247384436427877	0	4
0.9877874571780332	-0.248577448114836	1	3
3.438732785233783	-1.564787457960945	1	3
0.2846706248085043	1.192233094316547	-1	3
0.3946817077733846	0.02133723868998736	0	2
1.820550737170377	-1.661132613980699	0	3
1.976199641256105	-0.8768965145481519	1	3
3.275889703431705	-0.7045618433130929	0	3
2.484921445991045	1.327968562152656	0	4
2.543172413336235	0.9929037905029809	0	4
3.6834835877382	-1.805525091558768	1	5
2.843819007596637	-0.05284848760751998	-1	3
1.674864723283163	2.441782137686066	0	3
2.719878006791018	-0.8613194398361868	1	4
2.174583989688654	0.0416582234783951	1	2
2.659928953923255	0.6345053015077306	1	4
1.659710891814516	0.5276219385391351	-1	2
1.551794019797279	-0.01647617651975628	1	5
1.319688189623246	-1.327462779220226	-1	3
2.806627102332139	0.6424879740019501	0	3
1.101634569930676	1.710653979684528	1	3
3.209713949678951	0.3774756981109978	0	3
3.558709647303266	0.6072888156457588	1	4
3.242408833828499	0.2080251704963218	0	3
-0.0487861806125891	0.8515477478086698	1	3
0.649273314315038	0.2102366994871071	0	1
3.198186713073899	-0.5312491625526781	1	3
3.988774284103974	-0.3082493434790404	1	5
1.627438932587367	0.7385579756257306	0	2
1.743770907376109	2.086371400316728	0	3
1.787080946574141	0.7357706212236739	1	4
2.467805433428937	-0.5666927459386083	-1	3
0.6708220437083785	-0.4966178606128433	-1	2
3.039362357419464	-0.726310603305105	-1	3
2.426179234182684	-0.6525708115494556	-1	3
2.333046903956263	-2.32299523555973	-1	2
1.727134874399421	0.7277419690712452	1	4
2.936753823266136	0.6964734703228189	0	3
2.030926721921418	-2.062654082573255	-1	3
2.599818655448871	-2.337369914989617	0	3
2.719129929533397	-0.3846874011454856	0	4
2.290751124253568	-0.6716793835855428	0	3
1.76216524415053	0.3554160692740038	-1	3
2.077744178789768	1.114103907449247	1	3
1.625037219460429	0.509215959481985	0	1
1.611762748602192	1.309063544716201	1	3
1.027189377858913	-0.2487913472667124	1	3
1.346558371518498	-0.4408926393041946	1	3
1.811247962049796	0.9677812437917556	-1	3
1.894261362927237	0.000338356349590716	0	5
0.5792072001034769	0.176642394012946	0	1
1.768556154104984	0.281967370411524	1	3
1.241887621431564	1.011385232920407	0	3
2.100201277757633	-0.2479279477405788	0	2
3.867030283209531	1.624134057607302	0	3
0.7570560952691745	0.005022699279175215	0	2
3.287768892256699	0.1191134975448461	0	3
2.502022910254106	-0.0987291806752978	0	3
2.492542007249843	-0.4153565298853178	1	3
3.037540023109917	-0.424737187108134	-1	3
1.324987483216463	1.045181638793041	-1	1
0.9648771974092052	-0.9547492072023145	0	3
2.996316958823149	-0.4903641476196891	1	5
2.954643335353945	-0.2970248942478534	-1	3
0.7188598043747647	0.4297074412527943	-1	3
1.2474269606682	2.128044033351545	0	3
4.901936309959688	-0.8634262577151158	-1	3
1.784259452777278	0.09113220009952448	-1	3
4.349161058275442	0.04782753972468987	-1	4
0.9978274022889724	-0.5036602637645015	0	2
2.456512896942336	0.05644553836002615	1	3
1.702550095325093	0.6700094161039526	0	3
2.116935287704624	-0.2727356924762864	-1	3
1.804467946369349	-0.4345308219539512	1	4
2.646809384169723	1.168136612043157	-1	3
3.469327333030242	-3.076193318586852	0	3
1.342630768166355	0.1829851843179692	1	1
2.058547570858619	-1.292691808019576	1	3
1.723664258795452	-0.2260618421905868	-1	2
1.801872631332237	-0.4866063592141844	1	4
1.549835907014202	1.467959119489523	1	5
1.843356727324997	-0.5202929188486751	0	2
0.8419735814942639	0.3913800186442709	-1	3
0.7547276920892421	-1.357419108750378	1	4
1.403231806988859	-1.095501386545116	-1	3
0.6560771841549273	-1.626892528342034	-1	1
3.341409400907053	-0.3756124374328255	0	5
2.134131291781968	0.4521107233391397	-1	3
2.598502849036976	-0.4712102676658423	-1	3
1.59128094575318	-1.263331801751626	0	3
3.27121783331373	-0.1650166913837047	-1	3
2.608303372593323	0.516740056102131	-1	3
3.075305838243149	0.99141312697719	0	4
3.080029140736197	-0.808032281503714	0	3
1.182359722009163	0.5271920885363204	1	2
3.019534620589201	-1.384834924388542	0	3
0.9946240005903326	1.786952243272392	1	3
2.582551962884974	0.7781626195359805	1	4
0.4202107685762262	0.2552138818432494	-1	3
2.182854191432722	2.251711873172538	-1	3
3.766564878940856	0.0811969814531604	0	4
3.32140064946392	-0.8907727910129339	0	3
0.5962950116432706	0.07676912154786211	-1	1
1.340018623214772	-0.1091734937501025	-1	2
0.8383555423023277	-1.226685439058503	0	2
0.7237352687347316	1.191047518646988	1	3
1.478663775198936	-0.2617557992633861	1	2
0.6750677552363071	-0.4249544555564465	1	3
3.44424230597321	1.27258797000928	-1	3
0.9080687534485457	-0.5787475862339128	-1	3
1.023666646407563	0.1254933819724435	1	3
1.278088531116325	2.134300218644215	1	3
2.184048606215065	0.08992075392661862	-1	3
1.503196663765677	-0.7530578255821402	0	3
2.186302835160951	0.7318912986332865	0	3
0.2772849952987053	2.461046657118521	1	5
1.772279809286464	0.5711677618029059	0	3
2.682719334901545	-1.175112103789716	0	3
2.787914374283551	0.1128810952943561	1	3
0.654357683741617	0.137358463668121	0	3
2.584381036404157	0.644332161540256	-1	3
0.9755084593555181	0.2570130853220626	-1	3
1.654361358099446	1.502186390386731	0	3
1.14731015964391	1.192557119445445	-1	3
0.6895128942324709	0.5237478110780659	0	2
2.289172593329251	-0.4501026576543116	0	3
2.424615059635824	-0.0770635300508965	-1	3
1.116071753943024	0.9795461299669996	1	3
1.64718096910352	1.183533240394619	-1	2
0.4536615827756463	-1.023340152961205	1	2
3.550293790616559	-1.002344677697698	0	3
1.298390928479679	-1.537688130624	0	2
0.8410776669937843	2.542192128880152	0	3
2.200282025200715	2.117831493689626	1	4
1.942167585677547	-0.45947231364601	1	5
1.967044361448533	-2.129639646367342	1	3
3.372669123420968	0.1089860483867297	0	3
3.610598415779379	-0.3881127950086061	0	3
2.358143572013877	0.6428515870169664	1	4
0.9881165896431772	-1.285389029119392	-1	3
2.050072446234787	-0.09358441160402312	-1	2
2.381220867035707	0.3725894929474451	0	3
2.866746515132723	-1.050795721667021	-1	3
3.901842159367289	0.99242399340674	-1	3
2.104901627450409	2.449932712265188	1	5
1.208461978969937	1.348626163915945	-1	3
1.193337101664024	0.5387477081678019	-1	1
0.9578698594272348	0.7180650534059831	-1	3
2.646186344194654	0.0385830387677723	0	2
3.505908171899612	-0.5026554489584267	1	3
1.859459429180241	-0.4889315687028464	-1	3
2.170376363999832	-0.1978400751623178	1	3
2.526094487775407	1.2723579293792	1	4
2.611141836847708	0.05546731249736944	-1	3
2.249919294236377	-1.277989477456301	0	3
3.753451976671917	-0.2156856896458025	0	3
1.086480696428725	-0.007883687438207301	1	4
3.566614405171802	0.8367443710141969	0	3
1.824594631716741	-0.8570808138610151	1	3
2.737606205661017	0.5818221949976304	0	4
0.9330102583769244	-0.2522737529847682	1	5
0.3120299052365925	0.2878285689322588	1	1
1.507487618578987	1.051582623720584	0	3
1.355739202138378	2.039193197875421	0	3
1.396597118452278	-0.705834632135777	-1	2
2.053211396915836	0.04995067514332831	-1	2
2.493726840958373	-1.475463636633204	-1	1
2.333994003253213	0.7425825992747359	0	2
1.226056504158191	-1.208114623116599	-1	3
1.984171613310506	0.3873795540598619	-1	4
2.405506516730736	0.3851522626653887	1	3
3.182885452621284	0.4998224064027859	1	4
1.668734883220985	-0.4374611904785254	0	3
1.627957793573008	0.7910564531016098	0	3
1.387498189266147	0.2593715472448536	0	3
2.677845221847728	0.217156797188506	1	2
1.837567882462431	0.4543676577646534	0	3
2.652359251599108	-0.1806883197416092	0	3
3.209757264332997	-0.5927646311436343	-1	3
1.809524129172106	-0.2078762015984045	1	3
3.480958360160324	0.1052082495671553	0	3
3.147002743838664	-0.1608888053976888	0	3
1.152310461017158	-1.651674267859383	0	3
1.530842358966243	-1.622986344039132	0	3
0.4198184782814269	0.4179121132662954	-1	3
3.105843796842054	0.3012816048974608	1	4
2.201321768945963	0.08991353473305044	-1	3
1.622546217280436	-0.2236302269346569	1	3
2.135737633982056	-1.866143361101705	1	2
1.220253778788246	-0.1066678191806451	1	4
1.770161866045462	0.21764115204639	0	3
2.505160170960434	-1.613898189849572	1	3
2.441058231333785	0.1785261961774275	0	4
2.067238577823431	-0.8217881695022864	1	5
1.39114733221107	-1.275871373535012	1	3
-0.04389753559094833	-0.9802850711169452	0	3
1.691549931777955	-0.9382314776945452	0	3
3.325476520124583	1.054399464587249	1	4
0.7546987885749124	1.147691134615635	-1	3
1.888639133104609	1.149858676926879	1	5
1.729736468964093	-1.340738285425298	1	3
2.341492597265136	-0.4163270709689651	0	3
2.257669533402937	-0.3813185540592236	1	4
1.925336845388345	-1.657617268961379	0	3
1.712522708377966	1.421436904939651	0	2
1.632039656981033	-2.392880874592259	-1	1
1.281239586713862	0.3034237974404492	1	3
0.4953518359346965	-1.778034372454485	0	3
2.471433241115028	-0.9788455218498534	0	3
1.996232884303801	-0.2378828960681741	0	3
-0.6400107048012704	0.263014955104783	0	5
2.415207559212839	-0.690748702051764	1	3
0.9772885563437235	0.2996113623993249	-1	2
2.41366807641984	1.152640479871277	-1	3
0.2044223678812671	1.321605269495456	-1	2
1.907010880860026	-0.4499234874137447	0	4
1.131713205298478	-0.249963774729417	1	2
4.656713413654288	1.113699532032454	1	4
2.622198651789682	-1.191749940379498	1	3
2.338068703837861	2.053297284078588	-1	3
1.507356205716002	-0.4606033971894551	0	1
0.6783572985134647	-1.051288486809524	0	4
1.891419822079001	-1.305726450393911	1	2
2.340762489127133	-0.427760143495176	-1	3
2.280256957076991	2.040252960108414	-1	3
3.693024633686091	-2.363277324848007	0	3
3.57302591016014	-0.6980132897021779	0	2
1.469592177842336	1.02679002635835	1	3
2.495805913203765	-0.6156528601606069	1	3
2.249889933133474	1.571102656494087	1	4
2.605441526323109	-0.4571266458954028	0	4
2.05091881770943	-0.911140808608213	1	5
2.091788383251621	0.4334647670245405	0	3
0.250961017247715	-0.6446363039570698	-1	3
1.074752727627739	-0.6250464763221382	0	1
-0.1585789135074101	1.776370396195077	-1	3
0.8646593376921787	0.4854383809901444	-1	2
3.086493004649272	-0.6000085673283681	0	3
1.555429461613975	0.1638804408006052	0	4
1.687935410856962	-0.593505368891168	1	3
2.324929151246702	0.9367759760040483	0	2
3.362967692474467	0.6957812435208219	0	5
0.4411412007746951	0.1037368844960905	-1	3
1.518906663340767	-0.7057255928645233	-1	3
1.027462535438057	1.062737060991962	-1	2
1.584210590052567	-0.6920550378091208	0	2
2.094799151937715	0.7801484258426	-1	3
1.458741300610931	-0.9013852702735306	0	2
2.631331118031143	2.213213744282733	1	4
1.2818604081388	1.456481838283053	1	3
2.509636885530628	1.878267750283158	-1	3
2.340695844267836	0.900170994525501	1	3
3.148573498971801	1.618870292204921	1	5
1.744171902843461	-2.257462288340577	-1	3
3.450659754222677	-2.455572817316928	0	3
2.414033341490129	0.9687527031973566	-1	3
2.817640395810527	0.75875124027816	0	3
3.001097732973182	0.3665858117113118	0	2
0.9478330058160023	-1.108726157083739	0	3
0.9785260365319715	-1.158458206449265	0	2
1.787608829979054	0.1759501849485137	1	3
0.4244686900439147	1.893738741183765	-1	3
1.069659814096285	-1.288321900917367	-1	1
-0.6100752907059457	-1.153357419048922	0	2
0.8210399692282353	0.8689336521477272	0	3
1.15710262319317	-0.1167823142610728	0	3
1.482946100478115	-0.4223464669120651	1	2
3.120627393958251	-0.8108175954788043	0	3
1.650721975513777	-0.26062458640093	-1	3
2.96200742476785	0.3909447135919701	0	4
0.6408750744134906	-0.6537144012027403	1	1
1.355303144840413	-0.3990170633636329	-1	3
1.285107059419294	-0.2970783523567144	-1	3
2.391481785492442	-1.064899368250022	-1	3
2.325185722331477	-1.128373029121816	-1	3
0.9059861360721804	-1.315566993228834	1	3
3.6229450933732	-2.081842146560506	0	2
0.8670589786526894	0.3492607708143905	0	3
2.266311314286521	0.3675332057531278	0	3
3.947109563216587	-0.0758718293632822	0	3
0.9349779200977553	-1.020600073161231	-1	2
2.263608631763472	0.658264609821236	0	5
1.573623774855262	-0.7528831006614926	0	3
2.718773731867365	0.6050092621221115	0	3
2.363436611270029	-1.267121337614633	1	2
2.40743476114298	0.8979200285516101	1	3
0.4129837632600291	-0.472577463644726	-1	3
2.855413385744273	-1.147421158438708	0	2
1.408359635681741	-0.4726886146365094	0	4
1.387262059480534	0.6398623484176528	0	3
0.6687509264468017	-0.02379768540032529	1	1
3.530929695470676	-0.1113072295938967	-1	3
0.9457244409352204	-0.7372629140407613	0	3
2.050819850304741	-1.401135323759198	0	4
1.38573330064831	-0.4729732805581523	1	4
2.200514409352725	0.5145439378079131	0	3
3.098073586886985	-0.7682517215817666	0	3
2.770825791478381	1.248960556447555	1	3
3.471279407813554	0.4539197206946581	1	3
1.527811992626216	-0.763834755707412	-1	3
2.601476899723328	0.2326213693452961	0	2
2.551724802024283	0.3512967434608918	0	2
2.168876607534428	-1.19166771886732	1	3
3.515238464182811	-1.008957633709432	1	3
3.999902908557648	0.9348583780441445	1	5
1.952940508812868	-0.09233644395982216	1	3
3.654316761157868	0.9074653879441696	-1	3
1.030467485293396	-0.2901493467691726	0	3
0.770008086408412	1.913646559259292	-1	4
1.480073152842147	1.133660965170665	-1	3
2.178268885963334	-0.7295954136993117	0	3
5.660269926837437	0.3550909186083173	-1	3
3.522560616171917	1.671371862462653	1	5
1.611562729957693	-0.1237467874938009	-1	3
2.250036154183581	-0.1960315929505552	-1	1
1.261446571841292	0.7924479865629421	-1	2
0.4317403485491747	-1.031728207762025	-1	2
2.549401114377127	-0.3703345121957964	0	4
2.044340790870226	0.6620888869343566	1	5
3.280280578858921	-0.622679137007335	1	3
0.9622611674090797	-1.899760412548693	0	2
1.103057081231601	1.056261499646508	-1	3
3.051963885269427	-2.86744816870053	0	3
2.29737264956067	1.304849811746889	0	3
0.7631329591427953	-1.160634443261034	0	1
2.092204535158791	-0.8475514055746336	-1	3
2.347195090477344	0.2634544392741315	0	3
1.293046543746769	-1.58418430576253	0	2
2.499288443352196	-0.6182963933122486	0	3
2.567296476656966	-0.6729547024750606	-1	3
0.4415967795003064	0.9825715463119931	0	3
2.157463734512167	1.114496467174071	-1	3
0.8734674096162292	0.7544084602046349	1	2
0.6522300856448329	-1.124250584241786	0	2
1.831912112263304	0.6850592604350776	0	3
0.4230340792225034	-1.257749984173217	0	2
2.083904236484998	2.749533559670952	1	5
3.001488745278615	0.7072804797602239	1	5
3.271086338205739	-1.224952494806298	0	3
1.789279031066755	0.07265344049299527	-1	3
1.281294969139727	-1.486246825209397	0	3
1.459247978247956	-0.4159060979983829	-1	3
0.9285066536846232	-0.1759631422978145	1	3
1.560569262952651	0.1411642650302464	0	3
2.927086811041711	1.547371448293477	0	3
0.6976012544412773	-0.1772752890456069	1	4
1.441986249690194	-0.2431522190989956	1	3
2.947337705974485	-0.009676318171064045	0	3
3.670558544822403	1.562225525011852	0	5
3.728783058713969	-1.40193414207927	0	3
2.978389054828907	1.276688740533396	0	3
1.19172285345899	-1.223990132376721	0	3
1.447875987943991	-0.6110581832765616	1	2
2.633061469771866	-1.458448925333827	0	3
0.5092209154447216	-0.584012086651758	0	2
2.903667814722347	0.2414290096028127	0	3
2.336165291739485	-0.2764444866132483	0	3
2.118414031263731	-0.4515151848985626	0	3
1.532322133814562	0.03476676937115861	-1	2
1.400682787686226	1.261469914591187	0	3
3.341502784718027	0.2612562548823601	0	3
2.161871100800362	0.9525240580791713	0	4
0.9908151279356789	1.199257460939244	0	3
1.960133356996694	-0.5350530633861733	0	3
1.659432392436867	0.01702134218039735	1	3
2.355171487677833	-1.377772456060555	1	3
2.694641765493369	-0.3723651282579106	1	3
1.460296584352936	-0.06150816824873197	0	4
2.663280232041053	-1.241228614795838	-1	3
1.190119450306033	2.904839486898931	-1	3
2.653401680100676	0.2096285831591355	-1	3
2.070290431945425	0.6961570541340332	1	3
-0.05344314384425664	-0.07780509832731201	1	2
1.63290217854898	-1.773893543182781	-1	2
2.581620406553527	0.6075887891776507	1	3
3.50942533209881	0.1348901786165359	0	3
1.639702785924238	2.016502063241699	0	3
2.794501762057777	0.7997416651480291	-1	4
1.796772232903655	-0.835133817493543	1	1
4.080543051634649	-0.4264317510206889	0	3
2.488012712916365	1.912328797556507	1	5
2.315608774126844	-0.7750808351309668	0	4
1.449987639823234	-0.3581815045581635	0	1
2.391647976980242	-0.563804778247372	0	2
1.366092695608652	1.192721797319449	1	2
1.312238164658192	1.431893360850391	1	4
1.615565761192864	0.04306728271271597	0	3
1.570763890667823	1.159711592438776	0	2
1.781758801090069	1.083461346308778	0	4
1.836941486446268	-1.447041040613439	0	3
2.146681593189547	0.9127077767626517	0	5
0.308768933828554	-0.7030504236082951	1	2
1.501920785887604	-0.4509093390512717	0	3
1.438168916971978	-0.1268741334241799	1	3
1.280948923543611	0.8390014582796782	0	4
2.996070164460239	-1.002580850291397	1	3
2.885252847051519	0.3355612405027967	0	3
2.631318508447594	0.3219794503843625	0	3
2.286419110948904	-0.09198407809935218	-1	1
2.336023061998691	0.7505395105227102	1	2
2.810464507292222	0.7732102610638479	1	4
1.764372666016728	1.093580427602971	0	4
2.373085415531306	2.333308117404872	1	5
3.580875227888869	0.384646664269081	-1	3
1.167492497892043	1.189436809789536	1	4
2.266094574471349	-0.5861298127806778	-1	3
2.971304773248538	-1.503591048823215	-1	3
3.528762939210692	-0.4232890784603502	0	3
1.53406564006511	0.7848028723791495	-1	3
1.797904333114179	0.02754484375639662	1	4
2.667563027794309	-0.4094629440397109	1	4
4.12942083468628	-1.078394748229375	0	4
0.6199358768842096	-1.806772433817634	-1	3
1.977779739781695	-0.6468172316184851	1	4
2.583427374645887	0.6058784512946241	1	3
3.29762336752955	0.2620840850088692	1	2
0.193716136572716	0.8429209141744055	0	3
2.033222199036405	0.09517218328932853	0	3
2.170552255208427	-1.657100097950458	-1	3
2.4635088448414	-1.314861430175506	0	3
2.151403391725947	0.5611722391682613	-1	3
2.691981139510759	-0.2629467896186651	0	3
1.636634895738718	-1.113136520907788	0	3
1.976054326961168	0.84789209453385	-1	4
1.594012228086285	1.238827442580797	0	5
1.986725638265186	0.3125116853848958	1	4
3.26893253551608	0.04998259932707753	-1	3
-0.01603467504741118	2.157573938574505	0	2
1.296971691210168	-0.1103098955710948	0	4
0.7205164604786745	-1.362718424195016	-1	2
2.034107743847522	-0.4033828625664724	-1	2
-0.8131036593180063	0.7604574556493458	-1	1
2.783581591770437	0.4123241472688478	-1	3
2.252689316225729	-1.850825024780905	0	1
1.226531332824496	0.4156488753578315	0	3
1.420080509332142	-0.1083579917527065	1	5
4.875421129427124	0.5594910718258077	-1	3
3.452296884785087	-0.6287260323754871	0	3
0.9693961352896394	1.051901419527177	1	3
1.239539477267585	0.975958295292352	-1	3
3.376054301970069	-0.9005149295989529	-1	3
2.957738314465915	-1.707377823358359	-1	3
0.4675058806818115	2.111741710435015	0	3
3.275925973196179	-0.8025394670678127	1	4
2.444266364220544	0.1933278685986879	-1	1
1.518565007028218	-1.160674684540328	1	2
1.688331622018177	1.778495228653974	-1	3
2.121188064304007	0.7234823484333592	0	2
1.179261395496862	-3.028491190751121	0	3
4.394309662482245	0.3856010584785246	0	3
3.093584101278174	1.601046643039005	1	5
1.659352759814261	-0.8996068171128877	0	3
3.11362006420399	0.6081965301575714	0	3
1.986258882842288	-0.06976823270876716	0	3
0.01402536796457699	0.8461795965894162	0	1
1.258543184450997	-1.452289341839139	0	3
1.913975651932371	1.093222071545069	0	3
2.80746656852086	-0.9973976967666168	0	2
1.080866988472161	1.147547787968563	0	3
1.721650717439351	0.7461178541860992	0	5
1.182378491965924	0.05363991082795121	1	5
1.800419983899992	-0.6491843809762634	0	3
2.408010325471912	-1.250279964862122	1	2
1.295206301264341	-0.5943441747411493	0	3
1.292115940706799	0.6581194059455722	-1	2
1.175336458378925	1.335731190415034	0	2
3.261222555015564	1.078137772475516	0	4
2.48036918651573	0.8289979710080122	-1	3
-0.5845908275989555	-0.5120617521195785	-1	3
2.990556575410428	-0.4047868268061107	1	3
3.540548072706581	-0.06260965529568634	0	3
1.961725793231492	0.8191339502568065	-1	3
3.42085375647371	-1.220627582823	-1	3
0.4949495228889926	-0.725939644221827	0	3
1.243049719451905	1.686790114589226	0	4
2.807075975687663	-0.5322236586957266	1	3
3.099392150309648	-0.3077635326013283	1	3
2.086042275887739	-1.22710355370949	-1	3
2.6527493646023	-0.4405245357088032	-1	3
1.527600119982908	1.857276736803041	0	3
1.340614995963207	-1.595447342160813	-1	2
1.188324819417274	-0.6673409829517133	1	2
3.429364331779945	-0.0829960584874383	-1	4
0.6882365615609585	-1.364629078562157	1	3
4.500573990442378	-1.671278179195038	-1	3
0.9902138604618342	1.713897248183872	0	3
1.005379621558287	0.5913873069506708	1	3
2.317082873330837	-0.7958694999759255	0	3
1.301232649415304	-1.351234271508216	0	2
3.5710875301334	-0.6437503116854679	-1	2
3.161723149319612	-1.712666941869327	0	3
2.346691898438902	-1.23504205299858	1	3
2.029949822639604	-2.324652323423992	1	2
1.42747594114169	-0.950607991523141	0	3
2.075550103072147	0.8963346442719204	0	3
3.035662077308247	1.443637828740066	0	3
2.187814120538127	-0.7035474074568303	0	3
1.880894334238227	-0.647712396705008	-1	3
1.252498067705631	-2.007861102736138	-1	2
2.887168445242911	-0.8279706579805517	0	2
1.446251578159185	-0.6968436932381303	1	3
0.8962422193309785	-0.5057357723665718	0	2
2.276518042876738	0.5718404874227041	-1	3
1.923041283819359	-0.2907648239512881	0	3
3.441215567548619	-0.7550361292540661	0	5
0.1735432765366125	-0.4877114638919373	-1	2
2.001539053491201	1.259804742404605	1	3
0.358213949221412	0.2842753453905398	0	2
1.825751602993734	1.231356076506976	1	2
2.759215443448789	-0.8312454728712747	0	3
2.122182164271771	1.318177724693393	-1	2
1.214487438103295	-0.6009596887885432	-1	2
1.511489790287815	-0.3837095745392276	1	1
2.563865666051199	-0.353841945810721	1	5
2.871330534968322	-2.508914701137806	1	2
2.391492194263426	0.3693534778346549	-1	3
2.816873311689569	-0.2544147582831442	0	3
0.8836703645911856	0.8305060311855514	0	2
1.277585792545512	-1.665086303234087	0	3
3.061613651048134	0.4073696954517401	0	3
0.769995052497944	0.8629558714925605	1	3
1.190938652718689	-1.217501225270081	-1	1
-0.3787450016126499	-0.02116347495188999	0	1
2.219766101095342	-0.684921997197248	0	3
1.555402821127398	0.5626460556227148	1	3
3.706788595315461	1.48716531800434	0	4
1.301182210306325	-0.6400222091190886	0	1
1.581609214656906	-0.1129395622264593	0	3
1.974724972074496	-0.7834598108342444	1	3
1.592963827526604	0.2407678220808144	1	5
3.017833248660034	0.0452751948474838	1	3
3.431861707766202	1.009482592025804	0	3
3.148999787844703	1.967623602874847	0	3
3.016618494296345	2.213706911536512	-1	3
3.033698989847007	-0.7649840233056576	0	4
1.827890859441275	-1.569819744063592	0	3
2.395213986322223	-1.698509688838743	0	3
2.669792001883013	0.6936107790052585	1	3
3.486980023245032	-0.3267605908124948	0	3
0.5293205425367911	0.1826734552523667	0	3
3.303879367846195	-0.7883559608528765	1	3
1.72398894682738	-0.0202993170093086	-1	3
3.645640334236754	0.02901179035952035	1	4
2.173357268041557	0.8639154002856715	0	3
1.94218045968251	0.01458896594372775	0	3
2.319290302406255	-0.2879238268517357	1	2
1.887354352736393	-0.322370768809634	0	3
2.476036791692232	0.2462123223814048	1	4
1.926518513427808	0.4681213395546597	0	1
1.989618370080676	-0.6593343210756758	0	4
2.675606829637647	-1.263982965747938	0	3
0.8819391930981628	1.08649682743798	0	3
3.236767811810299	0.9572876682356423	0	3
2.250277156455793	-0.5040234478313803	1	4
2.656362919772034	2.22626756658648	-1	4
1.979972933427276	-0.2908115671462521	0	3
1.035365738046885	0.3908637144121441	-1	3
4.61134545887677	0.4395243201803275	1	5
3.818117395892894	-1.353428948301072	1	3
1.649051781447765	-0.3651026207161514	0	3
0.8945408635034569	0.3549184283058293	0	3
0.6273476668966527	0.09118535163369435	1	2
1.071490266901643	0.1658725059455359	1	1
0.466344385406241	-0.2280505797534622	1	4
3.546178781974579	0.3758770826032503	-1	3
2.312809726018872	-0.6233277470818415	-1	2
2.723309940489257	1.452470025649042	0	3
0.2809614809013756	-0.715184880458177	0	2
2.213192674868396	0.8562591814601401	0	5
2.258128512349849	0.7510605603667429	-1	3
4.085703661005438	0.2811448869019169	-1	3
1.444368426168779	-0.230269696558275	1	3
-0.4005582971716004	-0.955240417979863	0	3
3.037423663872469	-1.315742379770367	1	3
0.6082966974527226	-0.6608938327520348	0	3
4.281962941133974	1.2420194578977	1	4
2.422711191400258	0.5047368941342252	0	3
0.7665978968018044	-0.6788797497506841	1	2
1.628704302841966	0.1520025863967736	-1	3
2.05742941658976	0.5830442069049948	1	3
2.633120466504876	0.3340056784467812	1	3
2.148852712380431	-0.4175027821235889	1	4
2.914358623724366	-1.564379828694621	1	3
2.400004381648555	0.566839404886833	0	3
1.551203034607116	1.252833162067119	1	2
0.864041609436484	-0.03498023924001819	0	1
2.246574963474382	1.526254921273339	1	5
2.244924223577691	-0.4400293732109268	1	4
2.243987691988937	-0.2002424758279812	0	1
0.8055057603397136	0.05914284275339275	0	3
0.9929505306206277	-0.5931386314656055	0	1
1.72668371375436	-0.5204676944177271	1	4
1.690636342390983	1.606866258913718	1	5
0.8977335701329838	1.744817266337054	0	3
2.429450249783516	-0.5691858706953857	0	3
3.136250012366975	1.350136751422325	0	3
2.202765938989766	-0.5612768599278316	-1	2
0.4054764932599284	-0.6293046659653147	0	3
2.178026523692075	0.997068742666813	1	5
0.8032290750329076	-1.676339921683163	-1	2
3.568769542282624	0.5012553053485852	1	4
1.353128403517484	0.04850252985824132	0	1
1.630515796988073	0.157253221480514	1	3
1.844303233525276	0.3887916104426444	-1	3
1.337262208984439	-0.4435519258570332	0	1
3.321531243987523	1.858555650136416	0	3
1.313263347101432	1.042747244687121	-1	2
1.872566564936367	0.9371325852680426	0	3
2.111497967008615	-0.2238422565317881	1	3
2.763810692998476	0.3274298840488359	-1	3
3.434208406702354	1.389717877319589	1	4
0.6330616985304889	1.85783429781937	1	2
1.243127316443478	0.05667060302979794	0	4
1.976195866284093	0.2706050069411387	-1	3
3.001857891626334	-0.4183041263432639	1	5
1.285876958157007	0.9651387764767452	1	4
-0.5476297979717297	2.628850668494905	0	4
2.38249704609247	1.807886407634788	-1	3
4.390089444187686	-1.297261098885454	0	3
0.5673061279705953	-0.1499777978330268	-1	1
2.2547822743745	-1.257638388672631	0	4
2.512706701315298	0.9825255970086082	1	3
3.061484246333434	-0.1999357911086566	0	3
2.875165828769942	0.4567700856777379	-1	3
1.32744217770461	-0.9785861055618295	-1	2
2.181845816709791	-0.7829623206491101	1	3
1.618323791092745	0.3357979837052091	1	5
-0.2160620755053002	-0.2778534522711058	1	1
0.5300914518907749	-1.051111902618768	-1	2
0.6401560510658486	0.09910663828265978	0	2
2.379444788604236	-0.6388349430874175	0	3
2.240512998564729	-0.1313502155578631	-1	3
2.40581119884984	-1.521326510977013	0	3
1.028326278563575	-0.195464661801716	0	5
1.473401358228819	-0.3326782881622303	0	4
3.634796431720829	0.4678362003272302	1	5
2.846001283342319	-0.7946550471447017	-1	3
1.679160103042084	-0.9225832024198559	-1	3
2.314462881082039	1.905455424925117	0	4
0.6296420048511402	-0.4429201164372972	1	3
2.253459743542352	-1.15496742013833	0	3
3.296677501744344	-1.209981508423645	-1	3
1.631438327679391	-1.209946476672161	0	3
3.459637207712648	-0.3814685517508798	0	5
0.07730286227468008	-2.187883538645481	-1	3
2.083594131065074	0.8484876349830171	1	5
1.442499489162671	-0.5630190915040788	-1	4
0.4193209922101475	-1.727937712693991	1	3
2.499028745292584	-0.1395193359829927	1	3
1.554105005179178	0.2918614479689872	1	4
0.339707213544971	-0.5086264797304204	0	2
3.094544520758427	0.2584187765611156	0	4
2.028401454706636	0.6295519529886011	1	2
2.350510245887243	-0.7184494995761439	0	3
1.838290027001519	1.052259135815615	0	4
1.785928321265266	0.7728551538468662	0	3
1.02152276016339	0.7503331386886561	0	3
0.81230227010024	-1.914955122234391	-1	2
1.031761572804154	1.520121099919651	0	3
3.286238342540336	-0.08576574752260437	1	5
-0.5205132255488199	-0.6429480022218994	0	2
1.410472211666329	-0.5854369865729828	-1	3
0.5406243450633146	-0.2027293977908522	-1	2
2.149006717771821	-0.5897287701651351	0	3
1.828954231852139	0.8560778479878989	0	3
2.436698699971749	-0.6725819224285142	0	4
2.004930329303572	-0.6063594176404783	-1	3
2.126198625334735	1.047947932987381	0	2
2.055577499407431	-0.5494506677401123	0	3
3.013710878302771	-0.6047370711215175	1	3
1.600568387685629	-0.5207519104345669	-1	2
3.86990203554326	0.2494204627210917	0	4
1.097557857174348	-2.190004698850792	1	2
2.264214384154274	-0.1764941448372458	-1	3
3.031114940849818	0.3722875089750141	0	3
2.030335749072819	-0.1745501259471656	1	4
2.534260865188851	-0.945199407877785	0	2
1.754669832650486	-0.05645746696810043	0	3
1.403743386565744	0.2384815321792403	0	3
0.3061681888124757	1.423073683674966	0	2
2.791694902878491	1.294280898058015	1	4
2.788221649122178	-0.2085950638783692	0	2
3.313231714014815	-0.6208342783382888	1	3
2.37046326102049	-0.8195780890784011	-1	2
